,Date,Home Team,Away Team,Referee,AttackRateH,AttackRateA,DefenceRateH,DefenceRateA,DGH,DGA,Home Rank,Away Rank,Avg HST,Avg AST,Avg HF,Avg AF,Avg HC,Avg AC,Avg HR,Avg AR,Avg HY,Avg AY
3478,22-09-19,Arsenal,Aston Villa,J Moss,0.648,0.352,0.655,0.345,0.479,0.683,0.8,0,0.02,0.043,0.031,0.045,0.027,0.012,0.014,0.048,0.034,0.008
3496,06-10-19,Arsenal,Bournemouth,M Atkinson,0.508,0.492,0.825,0.175,0.438,0.767,0.8,0.35,0.006,0.009,0.027,0.017,0.04,0.014,0.006,0,0.006,0.015
3569,05-12-19,Arsenal,Brighton,G Scott,0.577,0.423,0.66,0.34,0.5,0.675,0.8,0.2,0.014,0.035,0.019,0.026,0.022,0.022,0.011,0,0.016,0.006
3430,17-08-19,Arsenal,Burnley,M Dean,0.538,0.462,0.95,0.05,0.219,0.692,0.8,0.3,0.034,0.026,0.034,0.036,0.033,0.023,0.015,0,0.015,0.009
3270,29-01-19,Arsenal,Cardiff,M Dean,0.779,0.221,0.372,0.628,0.885,0.333,0.75,0,0.009,0.007,0.023,0.025,0.008,0.015,0.014,0,0.014,0.017
3616,29-12-19,Arsenal,Chelsea,C Pawson,0.475,0.525,0.734,0.266,0.281,0.767,0.8,0.9,0.005,0.014,0.023,0.042,0.004,0.007,0.026,0,0.026,0.024
3517,27-10-19,Arsenal,Crystal Palace,M Atkinson,0.435,0.565,0.737,0.263,0.24,0.767,0.8,0.45,0.019,0.017,0.039,0.024,0.033,0.014,0.012,0,0.012,0
3240,01-01-19,Arsenal,Fulham,G Scott,0.676,0.324,0.394,0.606,0.365,0.242,0.75,0,0.022,0.014,0.012,0.026,0.017,0.006,0,0,0,0.006
3588,15-12-19,Arsenal,Man City,P Tierney,0.561,0.439,0.595,0.405,0.635,0.883,0.8,1,0.003,0.026,0.017,0.056,0.007,0.007,0.005,0,0.005,0.025
3627,01-01-20,Arsenal,Man United,C Kavanagh,0.627,0.373,0.746,0.254,0.344,0.667,0.8,0.75,0.01,0.014,0.019,0.032,0.002,0.009,0.01,0,0.01,0
3353,01-04-19,Arsenal,Newcastle,A Taylor,0.586,0.414,0.405,0.595,0.708,0.608,0.75,0.55,0.008,0.003,0.016,0.018,0.011,0.004,0.008,0,0.008,0
3640,18-01-20,Arsenal,Sheffield United,M Dean,0.628,0.372,0.702,0.298,0.656,0.733,0.8,0,0.01,0.013,0.015,0.027,0.008,0.01,0.01,0,0.005,0.011
3541,23-11-19,Arsenal,Southampton,S Attwell,0.683,0.317,0.725,0.275,0.333,0.625,0.8,0.25,0.014,0.024,0.026,0.048,0.015,0.02,0.017,0,0.034,0.013
3459,01-09-19,Arsenal,Tottenham,M Atkinson,0.444,0.556,0.879,0.121,0.208,0.817,0.8,0.85,0.029,0.045,0.033,0.059,0.034,0.019,0.007,0.05,0.021,0.042
3521,02-11-19,Arsenal,Wolves,M Oliver,0.513,0.487,0.78,0.22,0.49,0.8,0.8,0.7,0.012,0.033,0.013,0.039,0.021,0.023,0.024,0,0,0.014
3098,23-09-18,Arsenal,Everton,J Moss,0.55,0.45,0.45,0.55,0.281,0.458,0.75,0.65,0.017,0.029,0.04,0.036,0.015,0.027,0.014,0,0.014,0.008
3190,08-12-18,Arsenal,Huddersfield,P Tierney,0.56,0.44,0.33,0.67,0.396,0.35,0.75,0.25,0.005,0,0.024,0.048,0.016,0.002,0.026,0,0.026,0.026
2520,11-02-17,Arsenal,Hull,M Clattenburg,0.75,0.25,0.43,0.57,0.385,0.142,0.95,0,0.016,0.013,0.019,0.018,0.006,0.016,0.014,0.032,0.014,0.005
3129,22-10-18,Arsenal,Leicester,C Kavanagh,0.51,0.49,0.35,0.65,0.521,0.65,0.75,0.6,0.019,0.009,0.022,0.027,0.016,0.011,0.012,0,0.012,0.014
3140,03-11-18,Arsenal,Liverpool,A Marriner,0.59,0.41,0.49,0.51,0.375,0.458,0.75,0.85,0.012,0.017,0.015,0.018,0.013,0.021,0.006,0,0.006,0.007
2246,4/30/2016,Arsenal,Norwich,M Jones,0.61,0.39,0.26,0.74,0.646,0.408,0.9,0,0.006,0.008,0.011,0.012,0.012,0.005,0.004,0,0.004,0
2972,01-04-18,Arsenal,Stoke,C Pawson,0.56,0.44,0.41,0.59,0.406,0.467,0.8,0.4,0.023,0.006,0.013,0.024,0.011,0.009,0.004,0,0.004,0.01
2646,5/16/2017,Arsenal,Sunderland,R East,0.76,0.24,0.43,0.57,0.729,0.292,0.95,0.2,0.026,0.006,0.021,0.017,0.03,0.005,0.016,0,0.016,0.009
2750,28-10-17,Arsenal,Swansea,L Mason,0.5,0.5,0.53,0.47,0.469,0.642,0.8,0.3,0.016,0.009,0.02,0.024,0.014,0.005,0,0,0,0
2719,25-09-17,Arsenal,West Brom,R Madley,0.66,0.34,0.35,0.65,0.302,0.35,0.8,0.55,0.02,0.014,0.019,0.051,0.021,0.012,0.007,0,0.007,0.032
3060,25-08-18,Arsenal,West Ham,G Scott,0.37,0.63,0.65,0.35,0.438,0.792,0.75,0.4,0.036,0.025,0.04,0.041,0.031,0.006,0.007,0,0.007,0.025
,12/13/2015,Aston Villa,Arsenal,K Friend,0.51,0.49,0.48,0.52,0.219,0.467,0.2,0.9,0.005,0.015,0.015,0.016,0.012,0.012,0,0,0,0
,17-08-19,Aston Villa,Bournemouth,M Atkinson,0.56,0.44,0.8,0.2,0.323,0.792,0,0.35,0.026,0.021,0.026,0.043,0.033,0.016,0.015,0,0,0.018
,28-09-19,Aston Villa,Burnley,L Mason,0.53,0.47,0.78,0.22,0.552,0.833,0,0.3,0.01,0.014,0.023,0.045,0.02,0.009,0.006,0,0.006,0.03
,09-11-13,Aston Villa,Cardiff,M Atkinson,0.38,0.63,0.54,0.46,0.323,0.667,0.3,0,0.018,0.008,0.021,0.008,0.013,0.008,0.006,0,0.006,0.007
,02-04-16,Aston Villa,Chelsea,N Swarbrick,0.55,0.45,0.51,0.49,0.448,0.442,0.2,1,0.008,0.024,0.018,0.015,0.013,0.004,0.004,0,0.017,0.005
,12-01-16,Aston Villa,Crystal Palace,M Clattenburg,0.4,0.6,0.38,0.62,0.135,0.342,0.2,0.55,0.008,0.004,0.027,0.02,0.02,0,0.01,0,0.01,0.006
3440,23-08-19,Aston Villa,Everton,M Oliver,0.683,0.317,1,0,0.521,0.725,0,0.65,0.011,0.005,0.025,0.056,0,0.019,0.014,0,0.014,0.025
,05-04-14,Aston Villa,Fulham,M Oliver,0.7,0.3,0.39,0.61,0.573,0.15,0.3,0.45,0.012,0.023,0.014,0.023,0.004,0.013,0.012,0,0.012,0.01
,8/31/2014,Aston Villa,Hull,M Clattenburg,0.58,0.42,0.28,0.72,0.406,0.542,0.3,0.25,0.014,0.015,0.023,0.031,0.009,0.022,0.007,0,0.007,0.033
,08-12-19,Aston Villa,Leicester,M Oliver,0.4,0.6,0.79,0.21,0.479,0.917,0,0.6,0.005,0.031,0.04,0.036,0.019,0.012,0.033,0,0.033,0.013
3522,02-11-19,Aston Villa,Liverpool,J Moss,0.438,0.563,0.935,0.065,0.271,0.833,0,0.95,0.006,0.025,0.025,0.023,0.005,0.026,0.024,0,0.006,0.014
3638,12-01-20,Aston Villa,Man City,J Moss,0.443,0.557,0.625,0.375,0.438,0.9,0,1,0.002,0.041,0.009,0.026,0.004,0.009,0.005,0,0.01,0.006
,8/14/2015,Aston Villa,Man United,M Dean,0.56,0.44,0.41,0.59,0.281,0.375,0.2,0.85,0.004,0.011,0.037,0.033,0.01,0.016,0.015,0,0.015,0.018
3549,25-11-19,Aston Villa,Newcastle,L Mason,0.571,0.429,0.709,0.291,0.385,0.625,0,0.4,0.023,0.02,0.02,0.023,0.028,0.015,0.006,0,0.006,0.007
3600,26-12-19,Aston Villa,Norwich,C Kavanagh,0.463,0.537,0.7,0.3,0.323,0.708,0,0,0.005,0.021,0.027,0.027,0.011,0.018,0.02,0,0.01,0.018
3591,21-12-19,Aston Villa,Southampton,C Pawson,0.639,0.361,0.659,0.341,0.531,0.692,0,0.25,0.016,0.03,0.03,0.035,0.016,0.012,0.011,0,0.011,0.006
,03-10-15,Aston Villa,Stoke,M Jones,0.72,0.28,0.36,0.64,0.51,0.433,0.2,0.6,0.006,0.023,0.027,0.034,0.026,0.014,0.006,0,0.006,0
,8/29/2015,Aston Villa,Sunderland,R Madley,0.5,0.5,0.35,0.65,0.469,0.667,0.2,0.25,0.021,0.015,0.025,0.044,0.016,0.013,0.014,0,0.014,0.008
,10/24/2015,Aston Villa,Swansea,N Swarbrick,0.62,0.38,0.2,0.8,0.542,0.283,0.2,0.65,0.009,0.017,0.022,0.022,0.011,0.016,0.012,0.043,0.012,0.022
,3/13/2016,Aston Villa,Tottenham,A Taylor,0.41,0.59,0.6,0.4,0.406,0.725,0.2,0.8,0.004,0.024,0.009,0.011,0.009,0.015,0,0,0,0
3649,21-01-20,Aston Villa,Watford,M Atkinson,0.338,0.662,0.718,0.282,0.094,0.783,0,0.5,0.012,0.007,0.018,0.038,0.013,0.006,0.01,0,0.01,0.011
,9/19/2015,Aston Villa,West Brom,M Atkinson,0.61,0.39,0.37,0.63,0.448,0.55,0.2,0.4,0.01,0.029,0.024,0.033,0.006,0.021,0.014,0,0.014,0.024
3469,16-09-19,Aston Villa,West Ham,M Dean,0.6,0.4,0.889,0.111,0.344,0.692,0,0.55,0.017,0.005,0.031,0.036,0.006,0.012,0.014,0.048,0.014,0.008
,8/27/2011,Aston Villa,Wolves,M Atkinson,0.54,0.46,0.52,0.48,0.354,0.558,0.6,0.2,0.018,0.01,0.025,0.028,0.034,0.025,0.007,0,0.007,0.025
3376,20-04-19,Bournemouth,Fulham,D Coote,0.511,0.489,0.383,0.617,0.25,0.367,0.45,0,0.01,0.014,0.015,0.031,0.005,0.012,0.004,0,0.004,0.014
3180,04-12-18,Bournemouth,Huddersfield,R East,0.64,0.36,0.46,0.54,0.677,0.583,0.45,0.25,0.005,0.024,0.027,0.028,0.01,0.02,0.022,0,0.022,0.013
2351,10/15/2016,Bournemouth,Hull,L Mason,0.57,0.43,0.5,0.5,0.167,0.417,0.25,0,0.032,0.018,0.018,0.04,0.014,0.011,0,0,0,0.023
3080,15-09-18,Bournemouth,Leicester,C Pawson,0.7,0.3,0.5,0.5,0.344,0.4,0.45,0.6,0.017,0.038,0.031,0.045,0.012,0.018,0.02,0.048,0.02,0.016
3571,07-12-19,Bournemouth,Liverpool,C Kavanagh,0.453,0.547,0.872,0.128,0.448,0.908,0.35,0.95,0,0.035,0.01,0.014,0.002,0.007,0.016,0,0,0.006
3447,25-08-19,Bournemouth,Man City,A Marriner,0.463,0.537,0.897,0.103,0.188,0.775,0.35,1,0.025,0.025,0.018,0.041,0.013,0.016,0.007,0,0.007,0.025
3520,02-11-19,Bournemouth,Man United,C Kavanagh,0.557,0.443,0.793,0.207,0.542,0.833,0.35,0.75,0.018,0.017,0.029,0.031,0.01,0.026,0.024,0,0.024,0.021
3339,16-03-19,Bournemouth,Newcastle,M Dean,0.448,0.552,0.605,0.395,0.406,0.758,0.45,0.55,0.006,0.012,0.013,0.023,0.011,0.011,0.013,0,0.013,0.01
3502,19-10-19,Bournemouth,Norwich,L Mason,0.582,0.418,0.576,0.424,0.354,0.717,0.35,0,0.006,0.004,0.017,0.03,0.016,0.019,0.012,0,0.006,0.022
3422,10-08-19,Bournemouth,Sheffield United,K Friend,0.407,0.593,1,0,0.281,0.825,0.35,0,0.011,0.016,0.026,0.063,0.01,0.013,0.015,0,0.015,0.009
3120,20-10-18,Bournemouth,Southampton,L Probert,0.72,0.28,0.46,0.54,0.396,0.367,0.45,0.2,0.006,0.017,0.022,0.038,0.016,0.011,0.006,0,0.006,0.014
2911,03-02-18,Bournemouth,Stoke,P Tierney,0.67,0.33,0.42,0.58,0.417,0.225,0.6,0.4,0.018,0.013,0.023,0.038,0.016,0.002,0.009,0,0.009,0.016
2380,05-11-16,Bournemouth,Sunderland,M Dean,0.58,0.42,0.49,0.51,0.438,0.517,0.25,0.2,0.021,0.017,0.029,0.044,0.031,0.005,0.018,0.042,0.018,0.014
3015,05-05-18,Bournemouth,Swansea,K Friend,0.72,0.28,0.4,0.6,0.531,0.192,0.6,0.3,0.01,0.008,0.014,0.017,0.019,0.01,0.004,0,0.004,0.018
3401,04-05-19,Bournemouth,Tottenham,C Pawson,0.61,0.39,0.506,0.494,0.656,0.633,0.45,0.9,0.012,0.014,0.015,0.02,0.017,0.01,0.004,0.054,0.004,0.023
3637,12-01-20,Bournemouth,Watford,M Dean,0.556,0.444,0.614,0.386,0.344,0.642,0.35,0.5,0.002,0.021,0.005,0.028,0.011,0.011,0.005,0,0.005,0.006
2960,17-03-18,Bournemouth,West Brom,G Scott,0.71,0.29,0.41,0.59,0.417,0.275,0.6,0.55,0.011,0.018,0.009,0.017,0.006,0.004,0.004,0,0.004,0.01
3482,28-09-19,Bournemouth,West Ham,S Attwell,0.686,0.314,0.867,0.133,0.531,0.658,0.35,0.55,0.016,0.027,0.016,0.023,0.017,0.017,0.006,0,0.019,0.008
3542,23-11-19,Bournemouth,Wolves,S Hooper,0.545,0.455,0.86,0.14,0.323,0.708,0.35,0.7,0.006,0.028,0.02,0.03,0.013,0.023,0.017,0,0.011,0.007
3661,01-02-20,Bournemouth,Aston Villa,A Taylor,0.529,0.471,0.667,0.333,0.281,0.625,0.35,0,0.014,0.016,0.016,0.03,0.002,0.016,0.009,0,0.005,0.016
3641,18-01-20,Brighton,Aston Villa,A Madley,0.57,0.43,0.617,0.383,0.438,0.65,0.2,0,0.005,0.01,0.018,0.027,0.006,0.008,0.01,0,0.014,0.017
3609,28-12-19,Brighton,Bournemouth,P Tierney,0.565,0.435,0.774,0.226,0.302,0.708,0.2,0.35,0.015,0.007,0.014,0.025,0.02,0.004,0,0,0,0.012
3461,14-09-19,Brighton,Burnley,M Oliver,0.727,0.273,0.714,0.286,0.448,0.633,0.2,0.3,0.017,0.005,0.031,0.021,0.009,0.018,0,0,0,0.016
3375,16-04-19,Brighton,Cardiff,A Marriner,0.524,0.476,0.51,0.49,0.292,0.475,0.3,0,0.004,0.009,0.016,0.023,0.009,0.007,0,0,0,0.005
3619,01-01-20,Brighton,Chelsea,S Attwell,0.398,0.602,0.695,0.305,0.385,0.925,0.2,0.9,0.012,0.017,0.014,0.032,0.011,0.006,0.01,0,0.01,0.017
3181,04-12-18,Brighton,Crystal Palace,K Friend,0.43,0.57,0.47,0.53,0.354,0.625,0.3,0.5,0.009,0.019,0.028,0.029,0.01,0.012,0.022,0,0.011,0.019
3512,26-10-19,Brighton,Everton,A Madley,0.58,0.42,0.8,0.2,0.198,0.683,0.2,0.65,0.012,0.026,0.026,0.033,0,0.014,0.006,0,0.012,0.007
3070,01-09-18,Brighton,Fulham,L Probert,0.74,0.26,0.39,0.61,0.594,0.442,0.3,0,0.018,0.025,0.03,0.044,0.022,0.003,0.021,0,0.021,0.025
3320,02-03-19,Brighton,Huddersfield,M Dean,0.571,0.429,0.333,0.667,0.25,0.225,0.3,0.25,0.009,0.013,0.017,0.012,0.012,0.006,0.004,0,0.009,0.01
3543,23-11-19,Brighton,Leicester,M Dean,0.478,0.522,0.861,0.139,0.313,0.908,0.2,0.6,0,0.036,0.018,0.003,0.015,0.018,0.017,0,0.011,0
3250,12-01-19,Brighton,Liverpool,K Friend,0.345,0.655,0.453,0.547,0.281,0.775,0.3,0.85,0,0.01,0.026,0.01,0.004,0.015,0,0,0,0
3410,12-05-19,Brighton,Man City,M Oliver,0.391,0.609,0.5,0.5,0.271,0.658,0.3,1,0.004,0.024,0.016,0.014,0.003,0.01,0,0,0,0
3056,19-08-18,Brighton,Man United,K Friend,0.36,0.64,0.56,0.44,0.177,0.65,0.3,0.95,0.011,0.016,0.042,0.043,0.01,0.016,0.008,0,0.008,0.009
3391,27-04-19,Brighton,Newcastle,M Dean,0.625,0.375,0.376,0.624,0.531,0.392,0.3,0.55,0.004,0.003,0.01,0.017,0.012,0.007,0.008,0,0.008,0.014
3523,02-11-19,Brighton,Norwich,K Friend,0.691,0.309,0.692,0.308,0.26,0.6,0.2,0,0.015,0,0.023,0.021,0.021,0.008,0.024,0,0,0.007
3593,21-12-19,Brighton,Sheffield United,R Jones,0.44,0.56,0.814,0.186,0.271,0.817,0.2,0,0.005,0.007,0.011,0.025,0.009,0.007,0.011,0,0.005,0.019
3442,24-08-19,Brighton,Southampton,K Friend,0.458,0.542,0.842,0.158,0.156,0.617,0.2,0.25,0.011,0.02,0.023,0.031,0.025,0.016,0.007,0,0.007,0.025
2779,20-11-17,Brighton,Stoke,L Mason,0.65,0.35,0.37,0.63,0.302,0.325,0,0.4,0.009,0.025,0.027,0.013,0.016,0.018,0.006,0,0.006,0
2931,24-02-18,Brighton,Swansea,M Dean,0.61,0.39,0.5,0.5,0.396,0.325,0,0.3,0.011,0.003,0.027,0.012,0.006,0.01,0.004,0,0.004,0
3490,05-10-19,Brighton,Tottenham,J Moss,0.457,0.543,0.842,0.158,0.25,0.717,0.2,0.85,0.019,0.014,0.025,0.02,0.011,0.011,0.013,0,0.013,0.008
3671,08-02-20,Brighton,Watford,K Friend,0.53,0.47,0.631,0.369,0.323,0.617,0.2,0.5,0.005,0.006,0.015,0.024,0.006,0.004,0,0,0.009,0.011
2691,09-09-17,Brighton,West Brom,C Kavanagh,0.67,0.33,0.52,0.48,0.479,0.458,0,0.55,0.021,0.015,0.023,0.013,0.006,0.019,0,0,0.014,0
3432,17-08-19,Brighton,West Ham,A Taylor,0.625,0.375,0.955,0.045,0.5,0.7,0.2,0.55,0.015,0.016,0.029,0.033,0.026,0.02,0.015,0,0,0.018
3578,08-12-19,Brighton,Wolves,J Moss,0.548,0.452,0.805,0.195,0.198,0.725,0.2,0.7,0.011,0.019,0.019,0.017,0.007,0.01,0.033,0,0.016,0
3668,02-02-20,Burnley,Arsenal,C Kavanagh,0.619,0.381,0.612,0.388,0.74,0.775,0.3,0.8,0.005,0.006,0.013,0.022,0.01,0.014,0.005,0,0.005,0.016
3620,01-01-20,Burnley,Aston Villa,M Oliver,0.696,0.304,0.564,0.436,0.458,0.558,0.3,0,0.002,0.021,0.021,0.022,0.017,0.009,0.01,0,0.005,0.006
3091,22-09-18,Burnley,Bournemouth,A Taylor,0.58,0.42,0.44,0.56,0.396,0.45,0.7,0.45,0.017,0.024,0.04,0.018,0.009,0.024,0.014,0,0.014,0
3192,08-12-18,Burnley,Brighton,M Atkinson,0.59,0.41,0.5,0.5,0.177,0.35,0.7,0.3,0.011,0.004,0.021,0.025,0.005,0.016,0.026,0,0.011,0
3367,13-04-19,Burnley,Cardiff,M Dean,0.696,0.304,0.385,0.615,0.573,0.3,0.7,0,0.014,0.006,0.01,0.018,0.014,0.007,0.008,0,0.008,0.015
3515,26-10-19,Burnley,Chelsea,M Oliver,0.571,0.429,0.756,0.244,0.26,0.675,0.3,0.9,0.016,0.03,0.015,0.022,0.014,0.016,0.006,0,0.019,0.014
3551,30-11-19,Burnley,Crystal Palace,P Bankes,0.526,0.474,0.698,0.302,0.188,0.675,0.3,0.45,0.011,0.008,0.026,0.025,0.013,0.015,0.006,0,0.011,0
3491,05-10-19,Burnley,Everton,G Scott,0.69,0.31,0.854,0.146,0.281,0.617,0.3,0.65,0.01,0.009,0.011,0.034,0.02,0.026,0.013,0,0.013,0.008
3251,12-01-19,Burnley,Fulham,M Atkinson,0.528,0.472,0.48,0.52,0.438,0.475,0.7,0,0,0.013,0.009,0.019,0.004,0.013,0,0,0.005,0.011
3111,06-10-18,Burnley,Huddersfield,C Kavanagh,0.49,0.51,0.5,0.5,0.427,0.583,0.7,0.25,0.01,0.009,0.018,0.031,0.003,0.028,0.013,0,0.013,0.015
2312,10-09-16,Burnley,Hull,P Tierney,0.62,0.38,0.51,0.49,0.281,0.492,0,0,0.007,0.015,0.031,0.009,0.015,0.028,0.014,0,0.014,0
3647,19-01-20,Burnley,Leicester,A Taylor,0.438,0.563,0.792,0.208,0.333,0.925,0.3,0.6,0.012,0.027,0.023,0.017,0.008,0.01,0.005,0,0.005,0
3457,31-08-19,Burnley,Liverpool,C Kavanagh,0.443,0.557,0.865,0.135,0.26,0.8,0.3,0.95,0.007,0.035,0.025,0.05,0.019,0.013,0.007,0,0,0
3561,03-12-19,Burnley,Man City,J Moss,0.375,0.625,0.787,0.213,0.292,0.892,0.3,1,0.005,0.031,0.017,0.014,0.007,0.014,0.016,0,0.005,0.006
3615,28-12-19,Burnley,Man United,M Dean,0.582,0.418,0.732,0.268,0.375,0.667,0.3,0.75,0.003,0.018,0.03,0.022,0.011,0.009,0,0,0.02,0.018
3581,14-12-19,Burnley,Newcastle,T Robinson,0.548,0.452,0.754,0.246,0.333,0.658,0.3,0.4,0.011,0,0.028,0.028,0.009,0.007,0.011,0,0,0.012
3472,21-09-19,Burnley,Norwich,D Coote,0.381,0.619,0.872,0.128,0.219,0.833,0.3,0,0.02,0.01,0.026,0.03,0.021,0.009,0.007,0,0,0.008
3423,10-08-19,Burnley,Southampton,G Scott,0.294,0.706,0.912,0.088,0.042,0.733,0.3,0.25,0.015,0.016,0.016,0.039,0.007,0.023,0.015,0,0,0
2820,12-12-17,Burnley,Stoke,M Jones,0.43,0.57,0.44,0.56,0.208,0.583,0.25,0.4,0.005,0.026,0.011,0.032,0.014,0.009,0,0,0,0
2461,12/31/2016,Burnley,Sunderland,G Scott,0.6,0.4,0.4,0.6,0.365,0.342,0,0.2,0.015,0.011,0.017,0.018,0.013,0.004,0.005,0,0.005,0.006
2772,18-11-17,Burnley,Swansea,M Atkinson,0.41,0.59,0.31,0.69,0.385,0.642,0.25,0.3,0.021,0.004,0.025,0.031,0.021,0.016,0.024,0,0.006,0.007
3304,23-02-19,Burnley,Tottenham,M Dean,0.532,0.468,0.471,0.529,0.458,0.608,0.7,0.9,0.009,0.019,0.015,0.023,0.014,0.012,0.018,0,0.005,0.016
3057,19-08-18,Burnley,Watford,P Tierney,0.47,0.53,0.45,0.55,0.229,0.458,0.7,0.35,0.011,0.032,0.021,0.063,0.016,0.007,0.008,0,0.008,0.018
2671,19-08-17,Burnley,West Brom,M Atkinson,0.44,0.56,0.45,0.55,0.458,0.633,0.25,0.55,0,0.005,0.029,0.036,0.016,0.016,0.008,0,0.008,0
3532,09-11-19,Burnley,West Ham,K Friend,0.409,0.591,0.864,0.136,0.208,0.725,0.3,0.55,0.036,0.017,0.035,0.026,0.029,0.01,0.018,0,0.012,0.007
3345,30-03-19,Burnley,Wolves,C Kavanagh,0.466,0.534,0.55,0.45,0.396,0.642,0.7,0,0.002,0.003,0.018,0.018,0.002,0.009,0.004,0,0.004,0.005
1261,11/30/2013,Cardiff,Arsenal,L Mason,0.65,0.35,0.41,0.59,0.583,0.483,0,0.85,0.011,0.024,0.012,0.02,0.008,0.008,0.011,0,0,0.02
1390,11-02-14,Cardiff,Aston Villa,C Foy,0.6,0.4,0.41,0.59,0.417,0.45,0,0.3,0.007,0.019,0.008,0.018,0.014,0.018,0,0,0,0
3282,02-02-19,Cardiff,Bournemouth,J Moss,0.561,0.439,0.472,0.528,0.229,0.35,0,0.45,0.012,0.007,0.027,0.029,0.012,0.015,0.005,0,0.005,0.011
3150,10-11-18,Cardiff,Brighton,M Atkinson,0.62,0.38,0.52,0.48,0.708,0.625,0,0.3,0.017,0.012,0.014,0.053,0.01,0.003,0.011,0.04,0.011,0.007
3108,30-09-18,Cardiff,Burnley,M Atkinson,0.58,0.42,0.53,0.47,0.385,0.517,0,0.7,0.016,0.009,0.025,0.043,0.028,0.006,0.006,0,0.006,0.023
3351,31-03-19,Cardiff,Chelsea,C Pawson,0.518,0.482,0.511,0.489,0.208,0.433,0,0.8,0.006,0.009,0.011,0.026,0.004,0.013,0.008,0,0.008,0.015
3402,04-05-19,Cardiff,Crystal Palace,M Oliver,0.419,0.581,0.477,0.523,0.354,0.658,0,0.5,0.015,0.019,0.019,0.019,0.017,0.008,0.004,0.054,0,0
3309,26-02-19,Cardiff,Everton,K Friend,0.641,0.359,0.487,0.513,0.354,0.392,0,0.65,0,0.013,0.018,0.023,0.006,0.008,0.013,0,0.013,0.005
3121,20-10-18,Cardiff,Fulham,K Friend,0.62,0.38,0.37,0.63,0.333,0.358,0,0,0.016,0.017,0.033,0.043,0.011,0.011,0.006,0,0.019,0.022
3252,12-01-19,Cardiff,Huddersfield,L Mason,0.647,0.353,0.446,0.554,0.271,0.275,0,0.25,0,0.007,0.02,0.03,0.006,0.022,0,0,0.014,0.006
3142,03-11-18,Cardiff,Leicester,L Probert,0.49,0.51,0.54,0.46,0.365,0.525,0,0.6,0.006,0.021,0.027,0.031,0.016,0.031,0.006,0,0.012,0.014
3383,21-04-19,Cardiff,Liverpool,M Atkinson,0.5,0.5,0.579,0.421,0.365,0.617,0,0.85,0.004,0.017,0.008,0.009,0.009,0.017,0.016,0,0.004,0.005
3092,22-09-18,Cardiff,Man City,M Oliver,0.39,0.61,0.46,0.54,0.313,0.667,0,1,0.007,0.048,0.014,0.012,0.003,0.027,0.014,0,0.007,0.008
3213,22-12-18,Cardiff,Man United,M Oliver,0.54,0.46,0.45,0.55,0.385,0.433,0,0.95,0.008,0.032,0.023,0.029,0.009,0.016,0.01,0,0.01,0.006
3050,18-08-18,Cardiff,Newcastle,C Pawson,0.6,0.4,0.48,0.52,0.406,0.425,0,0.55,0.004,0.032,0.037,0.053,0.016,0.016,0.015,0.053,0.015,0.018
1370,01-02-14,Cardiff,Norwich,M Clattenburg,0.54,0.46,0.42,0.58,0.281,0.283,0,0.5,0.012,0.02,0.013,0.019,0.015,0.029,0.005,0,0.005,0.022
3193,08-12-18,Cardiff,Southampton,J Moss,0.46,0.54,0.36,0.64,0.229,0.4,0,0.2,0.011,0.004,0.017,0.023,0.016,0.016,0.026,0,0.011,0.012
1478,4/19/2014,Cardiff,Stoke,H Webb,0.69,0.31,0.42,0.58,0.458,0.242,0,0.4,0.008,0.014,0.008,0.021,0.021,0.012,0,0,0.008,0.014
1321,12/28/2013,Cardiff,Sunderland,C Foy,0.58,0.42,0.46,0.54,0.375,0.358,0,0.2,0.018,0.032,0.025,0.022,0.013,0.013,0.015,0,0.015,0.012
1238,03-11-13,Cardiff,Swansea,M Dean,0.57,0.43,0.43,0.57,0.323,0.458,0,0.6,0.009,0.013,0.024,0.019,0.016,0.008,0.006,0.043,0.006,0.007
3241,01-01-19,Cardiff,Tottenham,K Friend,0.527,0.473,0.427,0.573,0.354,0.475,0,0.9,0.007,0.013,0.01,0.013,0.011,0.006,0,0,0.005,0
3301,22-02-19,Cardiff,Watford,S Hooper,0.613,0.387,0.407,0.593,0.688,0.508,0,0.35,0.013,0.022,0.016,0.021,0.006,0.006,0.004,0,0.004,0.01
1290,12/14/2013,Cardiff,West Brom,H Webb,0.6,0.4,0.54,0.46,0.271,0.45,0,0.65,0.008,0.008,0.031,0.029,0.019,0.014,0.011,0,0.011,0.006
3329,09-03-19,Cardiff,West Ham,G Scott,0.498,0.502,0.585,0.415,0.448,0.592,0,0.4,0.015,0.006,0.01,0.023,0.013,0.009,0.008,0,0.008,0.005
3170,30-11-18,Cardiff,Wolves,A Marriner,0.61,0.39,0.53,0.47,0.281,0.45,0,0,0.008,0.016,0.006,0.03,0.017,0.015,0.005,0,0.005,0.013
3654,21-01-20,Chelsea,Arsenal,S Attwell,0.432,0.568,0.714,0.286,0.344,0.858,0.9,0.8,0.019,0.007,0.018,0.013,0.035,0.01,0.01,0,0.01,0.006
3562,04-12-19,Chelsea,Aston Villa,C Kavanagh,0.417,0.583,0.694,0.306,0.292,0.842,0.9,0,0.025,0.012,0.035,0.024,0.022,0.012,0.011,0,0.011,0.006
3582,14-12-19,Chelsea,Bournemouth,G Scott,0.438,0.563,0.731,0.269,0.021,0.667,0.9,0.35,0.013,0.007,0.017,0.032,0.021,0.009,0.011,0,0.005,0.012
3483,28-09-19,Chelsea,Brighton,C Kavanagh,0.28,0.72,0.857,0.143,0.188,0.808,0.9,0.2,0.032,0.005,0.011,0.037,0.014,0.006,0.006,0,0.013,0.023
3631,11-01-20,Chelsea,Burnley,K Friend,0.614,0.386,0.689,0.311,0.292,0.583,0.9,0.3,0.02,0.007,0.012,0.009,0.022,0.006,0.01,0.034,0,0.017
3081,15-09-18,Chelsea,Cardiff,J Moss,0.67,0.33,0.48,0.52,0.333,0.433,0.8,0,0.024,0.01,0.019,0.03,0.015,0.012,0.02,0.048,0,0
3531,09-11-19,Chelsea,Crystal Palace,M Dean,0.4,0.6,0.718,0.282,0.042,0.792,0.9,0.45,0.015,0.004,0.019,0.044,0.018,0,0.018,0,0.018,0.014
3157,11-11-18,Chelsea,Everton,K Friend,0.47,0.53,0.53,0.47,0.542,0.625,0.8,0.65,0.011,0.004,0.014,0.029,0.013,0.013,0.011,0,0.023,0.021
3178,02-12-18,Chelsea,Fulham,C Pawson,0.78,0.22,0.3,0.7,0.813,0.342,0.8,0,0.025,0.015,0.015,0.041,0.01,0.014,0.016,0.037,0.011,0.006
3283,02-02-19,Chelsea,Huddersfield,P Tierney,0.646,0.354,0.318,0.682,0.333,0.35,0.8,0.25,0.016,0.007,0.013,0.01,0.022,0.004,0.005,0,0,0
2498,1/22/2017,Chelsea,Hull,N Swarbrick,0.6,0.4,0.38,0.62,0.5,0.433,0.55,0,0.012,0.014,0.021,0.022,0.019,0.015,0.005,0,0.005,0.017
3438,18-08-19,Chelsea,Leicester,O Langford,0.826,0.174,0.923,0.077,0.573,0.65,0.9,0.6,0.019,0.016,0.024,0.046,0.013,0.016,0.023,0,0.008,0
3479,22-09-19,Chelsea,Liverpool,M Oliver,0.547,0.453,0.882,0.118,0.479,0.767,0.9,0.95,0.007,0.014,0.019,0.039,0.018,0.012,0.014,0.048,0.02,0.024
3194,08-12-18,Chelsea,Man City,M Oliver,0.57,0.43,0.51,0.49,0.333,0.525,0.8,1,0.013,0.015,0.022,0.026,0.002,0.031,0.026,0,0.011,0
3122,20-10-18,Chelsea,Man United,M Dean,0.41,0.59,0.53,0.47,0.313,0.65,0.8,0.95,0.019,0.017,0.02,0.046,0.014,0.008,0.006,0,0.012,0.036
3503,19-10-19,Chelsea,Newcastle,A Marriner,0.302,0.698,0.766,0.234,0.281,0.775,0.9,0.4,0.025,0,0.02,0.033,0.03,0,0.012,0,0.012,0.007
2020,11/21/2015,Chelsea,Norwich,C Pawson,0.51,0.49,0.4,0.6,0.219,0.35,1,0,0.02,0.008,0.008,0.03,0.015,0.013,0.006,0,0.006,0.027
3451,31-08-19,Chelsea,Sheffield United,S Attwell,0.597,0.403,0.813,0.188,0.417,0.758,0.9,0,0.018,0.01,0.015,0.034,0.009,0.013,0.007,0,0,0.008
3602,26-12-19,Chelsea,Southampton,J Moss,0.545,0.455,0.66,0.34,0.156,0.633,0.9,0.25,0.008,0.011,0.018,0.02,0.018,0.002,0.02,0,0.015,0.012
2861,30-12-17,Chelsea,Stoke,K Friend,0.59,0.41,0.41,0.59,0.396,0.308,1,0.4,0.03,0.003,0.009,0.022,0.015,0,0,0,0.005,0.006
2652,5/21/2017,Chelsea,Sunderland,N Swarbrick,0.87,0.13,0.41,0.59,0.698,0.108,0.55,0.2,0.015,0.008,0.011,0.025,0.019,0.002,0.008,0,0.004,0.005
2796,29-11-17,Chelsea,Swansea,N Swarbrick,0.41,0.59,0.53,0.47,0.313,0.625,1,0.3,0.029,0,0.02,0.018,0.038,0.003,0,0,0.006,0
3314,27-02-19,Chelsea,Tottenham,A Marriner,0.571,0.429,0.256,0.744,0.708,0.542,0.8,0.9,0.002,0,0.011,0.027,0.004,0.004,0.009,0,0.004,0.005
3407,05-05-19,Chelsea,Watford,P Tierney,0.729,0.271,0.313,0.687,0.938,0.383,0.8,0.35,0.017,0.008,0.008,0.02,0.01,0.01,0.019,0,0,0.005
2929,12-02-18,Chelsea,West Brom,L Mason,0.62,0.38,0.43,0.57,0.521,0.417,1,0.55,0.018,0.003,0.017,0.021,0.016,0.014,0,0,0,0.01
3552,30-11-19,Chelsea,West Ham,J Moss,0.463,0.537,0.766,0.234,0.198,0.65,0.9,0.55,0.017,0.016,0,0.04,0.023,0.008,0.006,0,0,0.02
3337,10-03-19,Chelsea,Wolves,M Oliver,0.719,0.281,0.372,0.628,0.771,0.417,0.8,0,0.013,0.003,0.012,0.027,0.025,0,0.008,0,0.004,0.02
3630,11-01-20,Crystal Palace,Arsenal,P Tierney,0.384,0.616,0.74,0.26,0.375,0.825,0.45,0.8,0.007,0.014,0.024,0.047,0.002,0.009,0.01,0.034,0.01,0.017
3452,31-08-19,Crystal Palace,Aston Villa,K Friend,0.5,0.5,0.852,0.148,0.375,0.683,0.45,0,0.018,0.01,0.038,0.05,0.041,0.006,0.007,0,0.014,0.033
3560,03-12-19,Crystal Palace,Bournemouth,A Taylor,0.625,0.375,0.727,0.273,0.521,0.633,0.45,0.35,0.005,0.012,0.012,0.036,0.014,0.022,0.016,0,0.016,0.019
3589,16-12-19,Crystal Palace,Brighton,C Pawson,0.458,0.542,0.685,0.315,0.427,0.742,0.45,0.2,0.011,0.037,0.013,0.028,0.007,0.016,0.005,0,0.005,0.006
3171,01-12-18,Crystal Palace,Burnley,L Probert,0.41,0.59,0.47,0.53,0.188,0.6,0.5,0.7,0.026,0,0.018,0.024,0.025,0.005,0.006,0,0.006,0.006
3222,26-12-18,Crystal Palace,Cardiff,L Probert,0.35,0.65,0.4,0.6,0.115,0.567,0.5,0,0.013,0.015,0.017,0.025,0.028,0.002,0.011,0,0,0.019
3237,30-12-18,Crystal Palace,Chelsea,C Pawson,0.43,0.57,0.46,0.54,0.052,0.475,0.5,0.8,0,0.014,0.02,0.018,0.007,0.009,0.005,0,0,0.006
3424,10-08-19,Crystal Palace,Everton,J Moss,0.421,0.579,0.926,0.074,0.24,0.817,0.45,0.65,0.008,0.016,0.042,0.046,0.02,0.007,0.015,0,0.015,0.009
3284,02-02-19,Crystal Palace,Fulham,M Oliver,0.474,0.526,0.334,0.666,0.406,0.317,0.5,0,0.014,0,0.015,0.024,0.023,0.002,0.005,0,0.01,0.016
3346,30-03-19,Crystal Palace,Huddersfield,L Probert,0.411,0.589,0.459,0.541,0.146,0.642,0.5,0.25,0.011,0.015,0.015,0.013,0.009,0.009,0.004,0,0,0
2642,5/14/2017,Crystal Palace,Hull,M Atkinson,0.71,0.29,0.41,0.59,0.333,0.133,0.3,0,0.008,0,0.018,0.024,0.005,0.012,0.012,0,0.012,0.023
3528,03-11-19,Crystal Palace,Leicester,P Tierney,0.663,0.337,0.714,0.286,0.74,0.767,0.45,0.6,0.009,0.021,0.031,0.042,0.013,0.016,0.012,0,0.012,0.014
3544,23-11-19,Crystal Palace,Liverpool,K Friend,0.521,0.479,0.75,0.25,0.385,0.792,0.45,0.95,0.017,0.016,0.016,0.018,0.023,0.02,0.017,0,0,0.007
3507,19-10-19,Crystal Palace,Man City,A Taylor,0.451,0.549,0.815,0.185,0.292,0.842,0.45,1,0.006,0.043,0.017,0.027,0.003,0.022,0.012,0,0.006,0.007
3315,27-02-19,Crystal Palace,Man United,M Atkinson,0.463,0.537,0.446,0.554,0.49,0.458,0.5,0.95,0.004,0.012,0.013,0.017,0.01,0.011,0.009,0,0.009,0.015
3093,22-09-18,Crystal Palace,Newcastle,A Marriner,0.78,0.22,0.38,0.63,0.688,0.45,0.5,0.55,0.014,0.014,0.019,0.033,0.027,0.015,0.014,0,0.007,0.008
3484,28-09-19,Crystal Palace,Norwich,J Moss,0.776,0.224,0.565,0.435,0.552,0.617,0.45,0,0.01,0.014,0.032,0.028,0.014,0.014,0.006,0,0.019,0.008
3662,01-02-20,Crystal Palace,Sheffield United,A Madley,0.449,0.551,0.781,0.219,0.115,0.758,0.45,0,0.007,0.01,0.015,0.03,0.018,0.01,0.009,0,0.014,0.011
3651,21-01-20,Crystal Palace,Southampton,A Marriner,0.5,0.5,0.742,0.258,0.302,0.692,0.45,0.25,0,0.02,0.02,0.027,0,0.017,0.01,0,0.005,0.011
2781,25-11-17,Crystal Palace,Stoke,M Dean,0.57,0.43,0.48,0.52,0.635,0.692,0.35,0.4,0.014,0.012,0.018,0.013,0.013,0.005,0.006,0,0.006,0.007
2511,04-02-17,Crystal Palace,Sunderland,A Marriner,0.59,0.41,0.41,0.59,0.469,0.283,0.3,0.2,0.021,0.023,0.013,0.017,0.013,0.002,0.005,0,0.014,0.017
2681,26-08-17,Crystal Palace,Swansea,A Marriner,0.55,0.45,0.42,0.58,0.365,0.408,0.35,0.3,0.011,0.015,0.023,0.019,0.003,0.003,0.036,0.05,0.029,0.008
3151,10-11-18,Crystal Palace,Tottenham,J Moss,0.54,0.46,0.51,0.49,0.26,0.45,0.5,0.9,0.012,0.008,0.025,0.022,0.026,0.014,0.011,0.04,0.006,0.006
3254,12-01-19,Crystal Palace,Watford,P Tierney,0.68,0.32,0.333,0.667,0.604,0.433,0.5,0.35,0.015,0.007,0.019,0.024,0.015,0.015,0,0,0.005,0.023
3031,13-05-18,Crystal Palace,West Brom,J Moss,0.58,0.42,0.45,0.55,0.542,0.392,0.35,0.55,0.01,0.003,0.014,0.019,0.007,0.003,0,0,0.008,0.014
3603,26-12-19,Crystal Palace,West Ham,A Marriner,0.518,0.482,0.786,0.214,0.292,0.683,0.45,0.55,0.01,0.007,0.009,0.022,0.016,0.013,0.02,0,0,0.012
3476,22-09-19,Crystal Palace,Wolves,S Attwell,0.737,0.263,0.714,0.286,0.667,0.692,0.45,0.7,0.014,0.019,0.017,0.03,0.018,0.021,0.014,0.048,0.014,0.008
3590,21-12-19,Everton,Arsenal,K Friend,0.47,0.53,0.727,0.273,0.333,0.825,0.65,0.8,0,0.007,0.019,0.025,0.012,0.009,0.011,0,0.011,0.019
2021,11/21/2015,Everton,Aston Villa,M Oliver,0.65,0.35,0.46,0.54,0.427,0.45,0.5,0.2,0.026,0.012,0.012,0.023,0.005,0.008,0.006,0,0,0
3257,13-01-19,Everton,Bournemouth,A Taylor,0.649,0.351,0.448,0.552,0.313,0.325,0.65,0.45,0.007,0.024,0.028,0.017,0.01,0.019,0.024,0,0.024,0
3632,11-01-20,Everton,Brighton,D Coote,0.6,0.4,0.731,0.269,0.219,0.592,0.65,0.2,0.015,0.007,0.012,0.015,0.009,0.006,0.01,0.034,0.01,0.006
3604,26-12-19,Everton,Burnley,A Taylor,0.422,0.578,0.66,0.34,0.219,0.825,0.65,0.3,0.013,0,0.027,0.031,0.022,0.004,0.02,0,0,0
3161,24-11-18,Everton,Cardiff,P Tierney,0.7,0.3,0.39,0.61,0.406,0.292,0.65,0,0.023,0.004,0.024,0.034,0.018,0.008,0.018,0.04,0,0.021
3570,07-12-19,Everton,Chelsea,C Pawson,0.617,0.383,0.634,0.366,0.51,0.692,0.65,0.9,0.019,0.015,0.027,0.022,0.002,0.012,0.016,0,0.016,0
3670,08-02-20,Everton,Crystal Palace,D Coote,0.474,0.526,0.68,0.32,0.375,0.842,0.65,0.45,0.018,0.006,0.018,0.024,0.008,0.012,0,0,0,0.005
3102,29-09-18,Everton,Fulham,R East,0.35,0.65,0.52,0.48,0.323,0.633,0.65,0,0.019,0,0.03,0.037,0.034,0.003,0.013,0,0,0.023
2555,3/18/2017,Everton,Hull,P Tierney,0.74,0.26,0.23,0.77,0.469,0.208,0.5,0,0.017,0,0.014,0.013,0.009,0.015,0,0,0.009,0
3242,01-01-19,Everton,Leicester,M Atkinson,0.515,0.485,0.533,0.467,0.292,0.533,0.65,0.6,0.005,0.014,0.009,0.017,0.013,0.011,0,0,0.015,0.006
3326,03-03-19,Everton,Liverpool,M Atkinson,0.585,0.415,0.598,0.402,0.448,0.55,0.65,0.85,0.006,0.009,0.018,0.019,0.006,0.013,0.004,0,0.004,0.01
3290,06-02-19,Everton,Man City,C Pawson,0.651,0.349,0.456,0.544,0.74,0.508,0.65,1,0.002,0.013,0.019,0.012,0.01,0.012,0.004,0,0.004,0.005
3384,21-04-19,Everton,Man United,P Tierney,0.494,0.506,0.418,0.582,0.156,0.458,0.65,0.95,0.016,0.003,0.015,0.012,0.017,0.003,0.016,0,0.004,0.005
3652,21-01-20,Everton,Newcastle,S Hooper,0.404,0.596,0.6,0.4,0.073,0.608,0.65,0.4,0.019,0.007,0.022,0.021,0.013,0.008,0.01,0,0.005,0.006
3545,23-11-19,Everton,Norwich,A Taylor,0.493,0.507,0.75,0.25,0.448,0.75,0.65,0,0.02,0.02,0.024,0.028,0.018,0.018,0.017,0,0.017,0.033
3473,21-09-19,Everton,Sheffield United,S Hooper,0.523,0.477,0.833,0.167,0.125,0.692,0.65,0,0.01,0.005,0.021,0.027,0.036,0.009,0.007,0,0.007,0.024
2664,12-08-17,Everton,Stoke,N Swarbrick,0.74,0.26,0.33,0.67,0.333,0.375,0.7,0.4,0.015,0.005,0.034,0.033,0.02,0.023,0,0,0.008,0.009
269,2/26/2011,Everton,Sunderland,S Attwell,0.58,0.42,0.51,0.49,0.354,0.525,0.65,0.4,0.054,0.054,0.046,0.038,0.021,0.005,0,0.077,0,0
2839,18-12-17,Everton,Swansea,J Moss,0.42,0.58,0.57,0.43,0.323,0.708,0.7,0.3,0.019,0.011,0.022,0.028,0.014,0.007,0.011,0,0.011,0.019
3529,03-11-19,Everton,Tottenham,M Atkinson,0.486,0.514,0.745,0.255,0.333,0.6,0.65,0.85,0.009,0.008,0.019,0.021,0.013,0.005,0.012,0,0.006,0.014
3433,17-08-19,Everton,Watford,L Mason,0.558,0.442,0.952,0.048,0.344,0.708,0.65,0.5,0.008,0.011,0.029,0.036,0.013,0.023,0.015,0,0.015,0.026
2893,20-01-18,Everton,West Brom,S Attwell,0.54,0.46,0.56,0.44,0.531,0.558,0.7,0.55,0.01,0.017,0.025,0.021,0,0.006,0,0,0.01,0.006
3500,19-10-19,Everton,West Ham,P Tierney,0.593,0.407,0.865,0.135,0.344,0.717,0.65,0.55,0.031,0.017,0.033,0.041,0.03,0.005,0.012,0,0.012,0.014
3458,01-09-19,Everton,Wolves,A Taylor,0.415,0.585,0.927,0.073,0.208,0.792,0.65,0.7,0.021,0.025,0.03,0.038,0.022,0.022,0.007,0.05,0.007,0.033
3117,07-10-18,Fulham,Arsenal,P Tierney,0.56,0.44,0.42,0.58,0.25,0.4,0,0.75,0.013,0.032,0.025,0.034,0.011,0.006,0.013,0,0.013,0
1288,08-12-13,Fulham,Aston Villa,M Dean,0.5,0.5,0.52,0.48,0.375,0.475,0.45,0.3,0.027,0.008,0.023,0.031,0.01,0.017,0,0,0,0.013
3271,29-01-19,Fulham,Brighton,L Probert,0.477,0.523,0.531,0.469,0.385,0.558,0,0.3,0.017,0.019,0.017,0.01,0.021,0.002,0.014,0,0.01,0.016
3066,26-08-18,Fulham,Burnley,D Coote,0.65,0.35,0.33,0.67,0.281,0.392,0,0.7,0.043,0.01,0.028,0.025,0.019,0.013,0.014,0,0.014,0.008
3393,27-04-19,Fulham,Cardiff,C Kavanagh,0.685,0.315,0.432,0.568,0.469,0.267,0,0,0.004,0.022,0.014,0.014,0.017,0.005,0.008,0,0,0
3327,03-03-19,Fulham,Chelsea,G Scott,0.513,0.488,0.5,0.5,0.198,0.458,0,0.8,0.011,0.022,0.017,0.02,0.01,0.008,0.004,0,0.009,0.005
3042,11-08-18,Fulham,Crystal Palace,M Dean,0.6,0.4,0.42,0.58,0.365,0.542,0,0.5,0.023,0.047,0.024,0.036,0.016,0.016,0.008,0,0.008,0.018
3368,13-04-19,Fulham,Everton,L Probert,0.419,0.581,0.574,0.426,0.323,0.65,0,0.65,0.01,0.003,0.011,0.018,0.013,0.005,0.008,0,0.008,0.005
1487,4/26/2014,Fulham,Hull,L Mason,0.58,0.42,0.49,0.51,0.396,0.308,0.45,0,0.006,0.011,0.011,0.013,0.012,0.004,0.004,0,0.004,0.014
3186,05-12-18,Fulham,Leicester,D Coote,0.46,0.54,0.61,0.39,0.313,0.667,0,0.6,0.02,0.019,0.024,0.017,0.025,0.019,0.006,0,0,0
3343,17-03-19,Fulham,Liverpool,C Pawson,0.495,0.505,0.576,0.424,0.385,0.525,0,0.85,0.004,0.018,0.017,0.013,0.002,0.018,0.004,0,0.009,0.005
3347,30-03-19,Fulham,Man City,K Friend,0.599,0.401,0.48,0.52,0.5,0.525,0,1,0,0.021,0.006,0.023,0,0.021,0.004,0,0.008,0
3293,09-02-19,Fulham,Man United,P Tierney,0.331,0.669,0.563,0.437,0.281,0.867,0,0.95,0.007,0.022,0.023,0.018,0.01,0.008,0.005,0,0.014,0.01
3413,12-05-19,Fulham,Newcastle,K Friend,0.736,0.264,0.447,0.553,0.542,0.325,0,0.55,0.004,0.016,0.008,0.014,0.008,0.008,0,0,0.004,0
1467,12-04-14,Fulham,Norwich,M Dean,0.57,0.43,0.55,0.45,0.385,0.417,0.45,0.5,0.006,0.009,0.014,0.021,0.014,0.014,0,0,0.004,0.014
3162,24-11-18,Fulham,Southampton,M Oliver,0.6,0.4,0.41,0.59,0.5,0.567,0,0.2,0.015,0.032,0.021,0.015,0.005,0.013,0.018,0.04,0.012,0.02
1201,05-10-13,Fulham,Stoke,R East,0.58,0.42,0.42,0.58,0.448,0.375,0.45,0.4,0.006,0.014,0.025,0.037,0.02,0.014,0.006,0,0.019,0.015
1342,11-01-14,Fulham,Sunderland,M Dean,0.63,0.38,0.48,0.52,0.5,0.4,0.45,0.2,0.012,0.021,0.026,0.028,0.022,0.013,0.005,0.034,0.015,0.017
1252,11/23/2013,Fulham,Swansea,A Marriner,0.56,0.44,0.58,0.42,0.427,0.508,0.45,0.6,0.009,0.021,0.023,0.023,0.021,0.021,0,0,0.018,0.007
3268,20-01-19,Fulham,Tottenham,C Pawson,0.455,0.545,0.554,0.446,0.438,0.958,0,0.9,0.01,0.016,0.017,0.016,0.015,0.02,0.01,0,0.01,0.016
3268,20-01-19,Fulham,Tottenham,C Pawson,0.45,0.55,0.55,0.45,0.438,0.958,0,0.9,0.01,0.016,0.017,0.016,0.015,0.02,0.01,0,0.01,0.016
1172,9/14/2013,Fulham,West Brom,L Probert,0.69,0.31,0.39,0.61,0.479,0.45,0.45,0.65,0.007,0.02,0.023,0.038,0.013,0.016,0.007,0,0,0.008
3201,15-12-18,Fulham,West Ham,M Dean,0.6,0.4,0.49,0.51,0.458,0.408,0,0.4,0.011,0.012,0.027,0.024,0.014,0.01,0.011,0,0.011,0.006
3223,26-12-18,Fulham,Wolves,A Marriner,0.49,0.51,0.57,0.43,0.448,0.633,0,0,0.024,0.019,0.017,0.014,0.005,0,0.011,0,0.011,0.006
3294,09-02-19,Huddersfield,Arsenal,J Moss,0.461,0.539,0.417,0.583,0.208,0.367,0.25,0.75,0.013,0.013,0.027,0.024,0.01,0,0.005,0,0.013,0.011
3331,09-03-19,Huddersfield,Bournemouth,A Taylor,0.596,0.404,0.4,0.6,0.354,0.217,0.25,0.45,0.002,0.015,0.021,0.017,0.011,0.009,0.008,0,0.013,0.005
3172,01-12-18,Huddersfield,Brighton,M Oliver,0.45,0.55,0.56,0.44,0.302,0.592,0.25,0.3,0.005,0.023,0.019,0.029,0.005,0.014,0.006,0,0,0.013
3245,02-01-19,Huddersfield,Burnley,M Dean,0.595,0.405,0.383,0.617,0.396,0.283,0.25,0.7,0.005,0.028,0.019,0.019,0.011,0.004,0.005,0,0,0.023
3062,25-08-18,Huddersfield,Cardiff,M Oliver,0.48,0.52,0.47,0.53,0.198,0.433,0.25,0,0.004,0.02,0.02,0.031,0.022,0.022,0.007,0,0,0.008
3043,11-08-18,Huddersfield,Chelsea,C Kavanagh,0.71,0.29,0.45,0.55,0.448,0.383,0.25,0.8,0.004,0.021,0.024,0.026,0.007,0.016,0.008,0,0.015,0.009
3082,15-09-18,Huddersfield,Crystal Palace,L Mason,0.32,0.68,0.41,0.59,0.177,0.508,0.25,0.5,0.007,0.01,0.026,0.051,0.015,0.009,0.02,0.048,0.007,0.016
3272,29-01-19,Huddersfield,Everton,S Attwell,0.316,0.684,0.492,0.508,0.052,0.625,0.25,0.65,0.005,0.017,0.021,0.021,0.006,0.008,0.014,0,0.005,0.022
3149,05-11-18,Huddersfield,Fulham,A Taylor,0.66,0.34,0.35,0.65,0.563,0.375,0.25,0,0.006,0.004,0.023,0.021,0.013,0.01,0.006,0,0.006,0.014
3361,06-04-19,Huddersfield,Leicester,D Coote,0.467,0.533,0.486,0.514,0.063,0.358,0.25,0.6,0.008,0.026,0.019,0.02,0.014,0.009,0.008,0,0.012,0
3123,20-10-18,Huddersfield,Liverpool,M Oliver,0.69,0.31,0.44,0.56,0.646,0.575,0.25,0.85,0.003,0.009,0.02,0.016,0.005,0.011,0.006,0,0,0.014
3269,20-01-19,Huddersfield,Man City,A Marriner,0.55,0.45,0.349,0.651,0.458,0.467,0.25,1,0.005,0.014,0.017,0.019,0.002,0.009,0.01,0,0.01,0.011
3408,05-05-19,Huddersfield,Man United,L Mason,0.5,0.5,0.442,0.558,0.552,0.483,0.25,0.95,0.006,0.019,0.014,0.017,0.005,0.012,0.019,0,0.004,0.005
3202,15-12-18,Huddersfield,Newcastle,A Taylor,0.33,0.68,0.54,0.46,0.063,0.633,0.25,0.55,0.013,0.019,0.009,0.031,0.023,0.002,0.011,0,0.005,0.006
3215,22-12-18,Huddersfield,Southampton,S Attwell,0.43,0.57,0.4,0.6,0.333,0.3,0.25,0.2,0.013,0.021,0.021,0.02,0.018,0.004,0.01,0,0.01,0.018
2852,26-12-17,Huddersfield,Stoke,A Taylor,0.5,0.5,0.37,0.63,0.333,0.283,0,0.4,0.02,0.025,0.016,0.027,0.018,0.011,0.015,0,0.01,0.024
2952,10-03-18,Huddersfield,Swansea,M Oliver,0.68,0.32,0.5,0.5,0.396,0.283,0,0.3,0.009,0,0.014,0.017,0.023,0,0.004,0,0.009,0.015
2722,30-09-17,Huddersfield,Tottenham,N Swarbrick,0.43,0.57,0.53,0.47,0.104,0.5,0,0.95,0.003,0.032,0.016,0.011,0.011,0.02,0.006,0,0.006,0.008
3377,20-04-19,Huddersfield,Watford,R East,0.446,0.554,0.467,0.533,0.229,0.425,0.25,0.35,0.006,0.017,0.021,0.016,0.003,0.003,0.004,0,0.008,0.009
2760,04-11-17,Huddersfield,West Brom,R East,0.71,0.29,0.45,0.55,0.448,0.342,0,0.55,0.009,0.013,0.017,0.039,0.008,0.013,0.006,0,0.006,0.028
3152,10-11-18,Huddersfield,West Ham,C Kavanagh,0.5,0.5,0.35,0.65,0.104,0.342,0.25,0.4,0.02,0.021,0.018,0.021,0.013,0.016,0.011,0.04,0.006,0.007
3310,26-02-19,Huddersfield,Wolves,D Coote,0.485,0.515,0.528,0.472,0.188,0.458,0.25,0,0.006,0,0.015,0.02,0.006,0.01,0.013,0,0.009,0.01
3536,09-11-19,Leicester,Arsenal,C Kavanagh,0.692,0.308,0.704,0.296,0.521,0.692,0.6,0.8,0.021,0.004,0.021,0.026,0.013,0.01,0.018,0,0.006,0.007
1947,9/13/2015,Leicester,Aston Villa,M Dean,0.59,0.41,0.51,0.49,0.375,0.55,0.35,0.2,0.02,0.019,0.019,0.039,0.012,0.015,0.014,0,0.014,0.008
3453,31-08-19,Leicester,Bournemouth,P Bankes,0.682,0.318,0.913,0.087,0.385,0.658,0.6,0.35,0.018,0.01,0.023,0.034,0.013,0.016,0.007,0,0.007,0.025
3311,26-02-19,Leicester,Brighton,L Probert,0.623,0.377,0.429,0.571,0.167,0.283,0.6,0.3,0.007,0.009,0.009,0.008,0.008,0.016,0.013,0,0.004,0.005
3504,19-10-19,Leicester,Burnley,J Moss,0.72,0.28,0.636,0.364,0.635,0.708,0.6,0.3,0.009,0.017,0.009,0.027,0.024,0.011,0.012,0,0,0.022
3232,29-12-18,Leicester,Cardiff,S Hooper,0.58,0.42,0.38,0.62,0.24,0.258,0.6,0,0.018,0.011,0.025,0.036,0.022,0.009,0,0,0,0.012
3660,01-02-20,Leicester,Chelsea,L Mason,0.457,0.543,0.667,0.333,0.385,0.817,0.6,0.9,0.009,0.01,0.026,0.028,0.008,0.012,0.009,0,0.009,0.011
3305,23-02-19,Leicester,Crystal Palace,A Taylor,0.522,0.478,0.423,0.577,0.302,0.392,0.6,0.5,0.012,0.016,0.011,0.027,0.016,0.006,0.018,0,0.009,0.005
3558,01-12-19,Leicester,Everton,G Scott,0.757,0.243,0.556,0.444,0.604,0.6,0.6,0.65,0.017,0.012,0.014,0.023,0.01,0.01,0.011,0,0,0.007
3332,09-03-19,Leicester,Fulham,D Coote,0.622,0.378,0.391,0.609,0.188,0.15,0.6,0,0.017,0.009,0.014,0.024,0.011,0.009,0.008,0,0,0.01
3095,22-09-18,Leicester,Huddersfield,D Coote,0.4,0.6,0.52,0.48,0.24,0.6,0.6,0.25,0.027,0.01,0.024,0.048,0.009,0.003,0.014,0,0.014,0.008
2538,04-03-17,Leicester,Hull,M Dean,0.52,0.48,0.48,0.52,0.375,0.342,1,0,0.011,0.013,0.019,0.025,0.02,0.008,0.004,0,0.004,0.005
3607,26-12-19,Leicester,Liverpool,M Oliver,0.549,0.451,0.743,0.257,0.51,0.85,0.6,0.95,0,0.022,0.009,0.016,0.004,0.019,0.02,0,0.005,0.006
3224,26-12-18,Leicester,Man City,M Dean,0.44,0.56,0.57,0.43,0.26,0.742,0.6,1,0.013,0.015,0.009,0.019,0.007,0.016,0.011,0,0.011,0.012
3287,03-02-19,Leicester,Man United,M Dean,0.508,0.492,0.45,0.55,0.365,0.433,0.6,0.95,0.014,0.019,0.023,0.018,0.015,0.004,0.019,0,0.019,0.022
3365,12-04-19,Leicester,Newcastle,C Kavanagh,0.694,0.306,0.474,0.526,0.552,0.317,0.6,0.55,0.01,0.014,0.009,0.018,0.004,0.005,0.008,0,0.008,0.014
3583,14-12-19,Leicester,Norwich,A Madley,0.728,0.272,0.444,0.556,0.698,0.625,0.6,0,0.013,0.011,0.02,0.035,0.028,0.009,0.011,0,0,0.025
3633,11-01-20,Leicester,Southampton,L Mason,0.644,0.356,0.583,0.417,0.406,0.7,0.6,0.25,0.012,0.034,0.016,0.037,0.004,0.009,0.01,0.034,0,0.017
2933,24-02-18,Leicester,Stoke,M Oliver,0.65,0.35,0.39,0.61,0.583,0.233,0.45,0.4,0.02,0.006,0.016,0.031,0.025,0.002,0.004,0,0.004,0.016
1633,11/22/2014,Leicester,Sunderland,R Madley,0.6,0.4,0.45,0.55,0.115,0.417,0,0.35,0.012,0.021,0.038,0.031,0.016,0.023,0.012,0,0.012,0.021
3471,21-09-19,Leicester,Tottenham,P Tierney,0.474,0.526,0.846,0.154,0.271,0.758,0.6,0.85,0.024,0.019,0.038,0.039,0.024,0.006,0.007,0,0.007,0.016
3563,04-12-19,Leicester,Watford,C Pawson,0.727,0.273,0.633,0.367,0.458,0.558,0.6,0.5,0.016,0.004,0.025,0.038,0.017,0.005,0.011,0,0.016,0.013
2739,16-10-17,Leicester,West Brom,M Dean,0.63,0.38,0.51,0.49,0.563,0.625,0.45,0.55,0.01,0.005,0.03,0.017,0.011,0.003,0.013,0,0.013,0.015
3655,22-01-20,Leicester,West Ham,D Coote,0.623,0.377,0.696,0.304,0.448,0.683,0.6,0.55,0.019,0.007,0.017,0.04,0.015,0.017,0.005,0,0.005,0.006
3427,11-08-19,Leicester,Wolves,A Marriner,0.525,0.475,1,0,0.531,0.875,0.6,0.7,0.004,0.011,0.008,0.043,0.039,0.01,0,0,0,0.018
3446,24-08-19,Liverpool,Arsenal,A Taylor,0.542,0.458,0.949,0.051,0.333,0.725,0.95,0.8,0.018,0.015,0.02,0.016,0.019,0.013,0.007,0,0.007,0.008
1961,9/26/2015,Liverpool,Aston Villa,J Moss,0.41,0.59,0.49,0.51,0.219,0.567,0.75,0.2,0.039,0.018,0.018,0.037,0.031,0.003,0.006,0,0,0
3295,09-02-19,Liverpool,Bournemouth,A Taylor,0.745,0.255,0.211,0.789,0.604,0.258,0.85,0.45,0.021,0.006,0.023,0.012,0.016,0.01,0.005,0,0.009,0.011
3553,30-11-19,Liverpool,Brighton,M Atkinson,0.569,0.431,0.703,0.297,0.365,0.725,0.95,0.2,0.02,0.02,0.006,0.025,0.01,0.013,0.006,0,0,0
3338,10-03-19,Liverpool,Burnley,A Marriner,0.586,0.414,0.448,0.552,0.698,0.567,0.85,0.7,0.011,0.006,0.006,0.013,0.013,0.006,0.008,0,0.009,0
3133,27-10-18,Liverpool,Cardiff,S Attwell,0.8,0.2,0.2,0.8,0.531,0.333,0.85,0,0.022,0.004,0.013,0.011,0.022,0,0.019,0,0,0
3373,14-04-19,Liverpool,Chelsea,M Oliver,0.648,0.352,0.367,0.633,0.688,0.358,0.85,0.8,0.014,0.009,0.007,0.016,0.016,0.004,0,0,0,0.005
3262,19-01-19,Liverpool,Crystal Palace,J Moss,0.539,0.461,0.329,0.671,0.302,0.383,0.85,0.5,0.022,0.01,0.01,0.017,0.017,0.006,0,0,0,0.006
3567,04-12-19,Liverpool,Everton,M Dean,0.584,0.416,0.681,0.319,0.375,0.742,0.95,0.65,0.014,0.015,0.025,0.041,0.012,0.014,0.011,0,0.005,0.013
3158,11-11-18,Liverpool,Fulham,P Tierney,0.58,0.42,0.36,0.64,0.344,0.317,0.85,0,0.021,0.012,0.023,0.023,0.016,0.008,0.011,0,0.006,0.007
3390,26-04-19,Liverpool,Huddersfield,K Friend,0.602,0.398,0.358,0.642,0.51,0.408,0.85,0.25,0.014,0.003,0.007,0.024,0.007,0.007,0,0,0,0
2332,9/24/2016,Liverpool,Hull,A Marriner,0.53,0.47,0.56,0.44,0.302,0.625,0.65,0,0.043,0.005,0.02,0.024,0.041,0.006,0,0,0.007,0.016
3492,05-10-19,Liverpool,Leicester,C Kavanagh,0.569,0.431,0.867,0.133,0.25,0.708,0.95,0.6,0.026,0.005,0.02,0.048,0.011,0.017,0.013,0,0.006,0.03
3539,10-11-19,Liverpool,Man City,M Oliver,0.602,0.398,0.654,0.346,0.865,0.875,0.95,1,0.015,0.013,0.021,0.013,0.01,0.034,0.012,0,0,0.014
3648,19-01-20,Liverpool,Man United,C Pawson,0.531,0.469,0.726,0.274,0.448,0.792,0.95,0.75,0.012,0.013,0.012,0.021,0.023,0.01,0.005,0,0.005,0.017
3460,14-09-19,Liverpool,Newcastle,A Marriner,0.561,0.439,0.9,0.1,0.396,0.775,0.95,0.4,0.031,0.005,0.012,0.012,0.03,0.003,0,0,0,0
3420,09-08-19,Liverpool,Norwich,M Oliver,0.55,0.45,1,0,0.135,0.783,0.95,0,0.026,0.026,0.024,0.03,0.036,0.007,0,0,0,0.018
3628,02-01-20,Liverpool,Sheffield United,P Tierney,0.561,0.439,0.769,0.231,0.427,0.842,0.95,0,0.017,0.007,0.009,0.017,0.017,0.009,0,0,0,0
3663,01-02-20,Liverpool,Southampton,K Friend,0.7,0.3,0.583,0.417,0.521,0.683,0.95,0.25,0.021,0.013,0.015,0.03,0.012,0.022,0.009,0,0,0.011
3007,28-04-18,Liverpool,Stoke,A Marriner,0.73,0.27,0.38,0.62,0.594,0.175,0.85,0.4,0.004,0.003,0.01,0.024,0.016,0.003,0,0,0.004,0.009
2853,26-12-17,Liverpool,Swansea,K Friend,0.44,0.56,0.51,0.49,0.271,0.583,0.85,0.3,0.023,0.014,0.009,0.018,0.009,0.004,0.015,0,0,0.006
3518,27-10-19,Liverpool,Tottenham,A Taylor,0.608,0.392,0.659,0.341,0.49,0.675,0.95,0.85,0.04,0.017,0.02,0.03,0.022,0.008,0.012,0,0.019,0.022
3580,14-12-19,Liverpool,Watford,A Marriner,0.573,0.427,0.653,0.347,0.396,0.683,0.95,0.5,0.016,0.007,0.015,0.014,0.014,0.007,0.011,0,0.011,0.006
2823,13-12-17,Liverpool,West Brom,P Tierney,0.61,0.39,0.43,0.57,0.292,0.308,0.85,0.55,0.013,0.004,0.03,0.014,0.012,0.016,0.005,0,0.005,0
3048,12-08-18,Liverpool,West Ham,A Taylor,0.61,0.39,0.18,0.82,0.406,0.408,0.85,0.4,0.03,0.011,0.037,0.03,0.016,0.013,0.015,0,0.008,0.018
3617,29-12-19,Liverpool,Wolves,A Taylor,0.549,0.451,0.711,0.289,0.292,0.758,0.95,0.7,0.008,0.007,0.013,0.007,0.011,0.013,0.026,0,0.005,0
3288,03-02-19,Man City,Arsenal,M Atkinson,0.598,0.402,0.413,0.587,0.542,0.425,1,0.75,0.028,0.007,0.018,0.017,0.008,0.004,0.019,0,0.005,0.006
3511,26-10-19,Man City,Aston Villa,G Scott,0.514,0.486,0.8,0.2,0.292,0.758,1,0,0.028,0.022,0.022,0.014,0.035,0.019,0.006,0,0.006,0.007
3174,01-12-18,Man City,Bournemouth,S Attwell,0.78,0.22,0.35,0.65,0.792,0.392,1,0.45,0.016,0.004,0.017,0.008,0.019,0.01,0.006,0,0,0
3454,31-08-19,Man City,Brighton,J Moss,0.413,0.587,1,0,0.365,0.867,1,0.2,0.021,0.01,0.025,0.019,0.025,0.003,0.007,0,0.007,0.008
3124,20-10-18,Man City,Burnley,J Moss,0.63,0.37,0.36,0.64,0.458,0.442,1,0.7,0.031,0,0.024,0.014,0.027,0.003,0.006,0,0.012,0.014
3357,03-04-19,Man City,Cardiff,J Moss,0.731,0.269,0.364,0.636,0.792,0.317,1,0,0.022,0.003,0.004,0.032,0.013,0.008,0,0,0,0.015
3547,23-11-19,Man City,Chelsea,M Atkinson,0.5,0.5,0.667,0.333,0.438,0.842,1,0.9,0.011,0.008,0.01,0.023,0.02,0.005,0.017,0,0.006,0.007
3642,18-01-20,Man City,Crystal Palace,S Scott,0.667,0.333,0.588,0.412,0.802,0.792,1,0.45,0.014,0.01,0.015,0.015,0.029,0.004,0.01,0,0.005,0.011
3624,01-01-20,Man City,Everton,A Marriner,0.695,0.305,0.512,0.488,0.604,0.633,1,0.65,0.017,0.007,0.019,0.024,0.006,0.013,0.01,0,0,0.023
3083,15-09-18,Man City,Fulham,S Attwell,0.7,0.3,0.31,0.69,0.573,0.525,1,0,0.031,0.014,0.017,0.021,0.03,0.012,0.02,0.048,0,0
2584,08-04-17,Man City,Hull,J Moss,0.59,0.41,0.47,0.53,0.354,0.3,0.85,0,0.015,0.003,0.009,0.015,0.013,0.006,0.008,0,0,0.01
3596,21-12-19,Man City,Leicester,M Dean,0.598,0.402,0.769,0.231,0.604,0.95,1,0.6,0.032,0.007,0.026,0.021,0.014,0.002,0.011,0,0.011,0.012
3249,03-01-19,Man City,Liverpool,A Taylor,0.596,0.404,0.486,0.514,0.49,0.592,1,0.85,0.01,0.017,0.021,0.015,0.004,0.002,0.02,0,0.02,0.011
3574,07-12-19,Man City,Man United,A Taylor,0.566,0.434,0.643,0.357,0.406,0.858,1,0.75,0.014,0.027,0.019,0.024,0.038,0.007,0.016,0,0.016,0.013
3075,01-09-18,Man City,Newcastle,K Friend,0.6,0.4,0.45,0.55,0.438,0.425,1,0.55,0.029,0.01,0.013,0.041,0.013,0,0.021,0,0,0
2002,10/31/2015,Man City,Norwich,R Madley,0.63,0.37,0.34,0.66,0.635,0.533,0.95,0,0.015,0.013,0.008,0.034,0.031,0.01,0.006,0,0.012,0.014
3618,29-12-19,Man City,Sheffield United,C Kavanagh,0.611,0.389,0.791,0.209,0.583,0.792,1,0,0.01,0,0.009,0.013,0.018,0.011,0.026,0,0.005,0.006
3524,02-11-19,Man City,Southampton,L Mason,0.569,0.431,0.829,0.171,0.458,0.767,1,0.25,0.012,0.013,0.023,0.026,0.044,0,0.024,0,0.018,0.007
2733,14-10-17,Man City,Stoke,C Pawson,0.54,0.46,0.41,0.59,0.49,0.5,0.9,0.4,0.036,0.005,0.011,0.023,0.014,0,0.013,0.043,0,0.008
2284,8/13/2016,Man City,Sunderland,R Madley,0.44,0.56,0.31,0.69,0.406,0.675,0.85,0.2,0.015,0.016,0.029,0.046,0.03,0.02,0.023,0,0.008,0.018
3001,22-04-18,Man City,Swansea,C Pawson,0.57,0.43,0.44,0.56,0.719,0.608,0.9,0.3,0.024,0.003,0.009,0.014,0.009,0.002,0.012,0,0,0.005
3436,17-08-19,Man City,Tottenham,M Oliver,0.373,0.627,0.875,0.125,0.229,0.792,1,0.85,0.038,0.011,0.037,0.013,0.043,0.007,0.015,0,0.008,0
3474,21-09-19,Man City,Watford,M Dean,0.509,0.491,0.95,0.05,0.344,0.767,1,0.5,0.037,0.019,0.012,0.027,0.015,0.012,0.007,0,0.014,0.016
2905,31-01-18,Man City,West Brom,R Madley,0.65,0.35,0.5,0.5,0.5,0.458,0.9,0.55,0.023,0.003,0.016,0.02,0.018,0.002,0.005,0,0.005,0.016
3317,27-02-19,Man City,West Ham,S Attwell,0.612,0.388,0.479,0.521,0.75,0.625,1,0.4,0.015,0.003,0.003,0.012,0.023,0.004,0.009,0,0,0.01
3497,06-10-19,Man City,Wolves,C Pawson,0.514,0.486,0.844,0.156,0.344,0.783,1,0.7,0.006,0.009,0.025,0.04,0.026,0.003,0.006,0,0.032,0.015
3489,30-09-19,Man United,Arsenal,K Friend,0.5,0.5,0.844,0.156,0.271,0.817,0.75,0.8,0.013,0.023,0.041,0.037,0.023,0.02,0.026,0,0.026,0.015
3559,01-12-19,Man United,Aston Villa,C Pawson,0.667,0.333,0.441,0.559,0.844,0.675,0.75,0,0.017,0.012,0.032,0.02,0.023,0.023,0.011,0,0.023,0.007
3238,30-12-18,Man United,Bournemouth,L Mason,0.4,0.6,0.48,0.52,0.323,0.758,0.95,0.45,0.02,0.011,0.018,0.016,0.009,0.011,0.005,0,0.01,0
3537,10-11-19,Man United,Brighton,J Moss,0.627,0.373,0.533,0.467,0.604,0.675,0.75,0.2,0.033,0.008,0.021,0.036,0.013,0.005,0.012,0,0.012,0.035
3657,22-01-20,Man United,Burnley,J Moss,0.681,0.319,0.5,0.5,0.76,0.7,0.75,0.3,0.017,0.007,0.018,0.015,0.01,0.004,0.005,0,0,0.011
3416,12-05-19,Man United,Cardiff,J Moss,0.486,0.514,0.527,0.473,0.583,0.658,0.95,0,0.019,0.011,0.012,0.01,0.019,0.003,0,0,0.012,0.014
3429,11-08-19,Man United,Chelsea,A Taylor,0.563,0.438,0.938,0.063,0.49,0.717,0.75,0.9,0.019,0.037,0.039,0.043,0.01,0.016,0,0,0.023,0.035
3443,24-08-19,Man United,Crystal Palace,P Tierney,0.787,0.213,0.769,0.231,0.594,0.667,0.75,0.45,0.011,0.015,0.02,0.056,0.025,0.003,0.007,0,0.014,0.033
3586,15-12-19,Man United,Everton,M Oliver,0.558,0.442,0.604,0.396,0.229,0.683,0.75,0.65,0.021,0.011,0.019,0.028,0.014,0.012,0.005,0,0.005,0.012
3226,26-12-18,Man United,Huddersfield,J Moss,0.64,0.36,0.43,0.57,0.5,0.3,0.95,0.25,0.026,0.007,0.017,0.03,0.012,0.007,0.011,0,0.005,0.006
2507,01-02-17,Man United,Hull,M Jones,0.68,0.32,0.43,0.57,0.292,0.375,0.8,0,0.014,0.007,0.033,0.033,0.015,0.002,0.005,0,0.005,0.022
3462,14-09-19,Man United,Leicester,M Atkinson,0.3,0.7,0.943,0.057,0.313,0.833,0.75,0.6,0.017,0.014,0.033,0.042,0.009,0.027,0,0,0.007,0.016
3508,20-10-19,Man United,Liverpool,M Atkinson,0.481,0.519,0.923,0.077,0.469,0.875,0.75,0.95,0.006,0.017,0.013,0.038,0.008,0.003,0,0,0,0.007
3388,24-04-19,Man United,Man City,A Marriner,0.564,0.436,0.5,0.5,0.542,0.592,0.95,1,0.002,0.014,0.014,0.018,0.002,0.002,0.008,0,0.008,0.01
3606,26-12-19,Man United,Newcastle,K Friend,0.71,0.29,0.654,0.346,0.625,0.575,0.75,0.4,0.026,0.007,0.018,0.016,0.011,0,0.02,0,0.01,0.012
3634,11-01-20,Man United,Norwich,A Taylor,0.557,0.443,0.673,0.327,0.5,0.683,0.75,0,0.015,0.01,0.031,0.015,0.009,0.004,0.01,0.034,0,0
3322,02-03-19,Man United,Southampton,S Attwell,0.7,0.3,0.328,0.672,0.573,0.358,0.95,0.2,0.013,0.009,0.011,0.019,0.018,0.013,0.004,0,0.009,0.005
2889,15-01-18,Man United,Stoke,A Taylor,0.45,0.55,0.42,0.58,0.469,0.592,0.75,0.4,0.021,0.017,0.023,0.021,0.013,0.002,0.01,0,0.01,0.006
2967,31-03-18,Man United,Swansea,R Madley,0.76,0.24,0.21,0.79,0.708,0.25,0.75,0.3,0.011,0.006,0.007,0.024,0.006,0.006,0.008,0.029,0,0
3564,04-12-19,Man United,Tottenham,P Tierney,0.457,0.543,0.736,0.264,0.375,0.808,0.75,0.85,0.019,0.019,0.017,0.022,0.01,0.007,0.011,0,0,0.006
3349,30-03-19,Man United,Watford,S Attwell,0.581,0.419,0.481,0.519,0.51,0.442,0.95,0.35,0.011,0.023,0.021,0.016,0.006,0.009,0.004,0,0.004,0.01
2991,15-04-18,Man United,West Brom,P Tierney,0.56,0.44,0.43,0.57,0.667,0.6,0.75,0.55,0.008,0.011,0.011,0.023,0.007,0.007,0.004,0,0.004,0.005
3369,13-04-19,Man United,West Ham,G Scott,0.617,0.383,0.421,0.579,0.198,0.3,0.95,0.4,0.008,0.011,0.021,0.009,0.006,0.02,0.008,0,0.004,0.005
3667,01-02-20,Man United,Wolves,P Tierney,0.495,0.505,0.627,0.373,0.417,0.808,0.75,0.7,0.012,0.01,0.023,0.03,0.008,0.012,0.009,0,0.014,0.011
3428,11-08-19,Newcastle,Arsenal,M Atkinson,0.733,0.267,1,0,0.719,0.725,0.4,0.8,0.008,0.011,0.032,0.023,0.016,0.01,0,0,0.008,0.026
2063,12/19/2015,Newcastle,Aston Villa,M Atkinson,0.62,0.38,0.46,0.54,0.531,0.383,0.3,0.2,0.011,0.026,0.017,0.032,0.007,0.016,0.005,0,0.005,0.019
3533,09-11-19,Newcastle,Bournemouth,M Atkinson,0.5,0.5,0.742,0.258,0.198,0.717,0.4,0.35,0.027,0.013,0.021,0.013,0.013,0.01,0.018,0,0.012,0
3475,21-09-19,Newcastle,Brighton,M Atkinson,0.625,0.375,0.815,0.185,0.177,0.642,0.4,0.2,0.014,0.014,0.029,0.024,0.015,0.009,0.007,0,0.014,0.008
3312,26-02-19,Newcastle,Burnley,C Pawson,0.492,0.508,0.389,0.611,0.188,0.358,0.55,0.7,0.006,0.006,0.012,0.015,0.008,0.013,0.013,0,0.004,0.015
3264,19-01-19,Newcastle,Cardiff,S Attwell,0.674,0.326,0.371,0.629,0.49,0.292,0.55,0,0.014,0.003,0.018,0.013,0.015,0.022,0,0,0,0.006
3646,18-01-20,Newcastle,Chelsea,C Kavanagh,0.446,0.554,0.656,0.344,0.188,0.767,0.4,0.9,0.005,0.013,0.015,0.029,0.002,0.021,0.01,0,0.005,0.006
3594,21-12-19,Newcastle,Crystal Palace,S Hooper,0.578,0.422,0.633,0.367,0.313,0.758,0.4,0.45,0.008,0.015,0.022,0.025,0.009,0.012,0.011,0,0.011,0
3610,28-12-19,Newcastle,Everton,L Mason,0.468,0.532,0.593,0.407,0.188,0.633,0.4,0.65,0.013,0.032,0.023,0.029,0.011,0.018,0,0,0.01,0.012
3217,22-12-18,Newcastle,Fulham,M Atkinson,0.42,0.58,0.46,0.54,0.271,0.5,0.55,0,0,0.007,0.016,0.027,0.013,0,0.01,0,0.005,0.012
3306,23-02-19,Newcastle,Huddersfield,K Friend,0.501,0.499,0.422,0.578,0.198,0.308,0.55,0.25,0.027,0.003,0.017,0.014,0.023,0,0.018,0,0.009,0
1562,9/20/2014,Newcastle,Hull,N Swarbrick,0.57,0.43,0.49,0.51,0.365,0.442,0.55,0.25,0.024,0.014,0.026,0.033,0.012,0.006,0.007,0,0.027,0.016
3621,01-01-20,Newcastle,Leicester,M Atkinson,0.36,0.64,0.797,0.203,0.323,0.933,0.4,0.6,0.005,0.034,0.014,0.026,0.009,0.011,0.01,0,0.005,0.006
3403,04-05-19,Newcastle,Liverpool,A Marriner,0.659,0.341,0.456,0.544,0.646,0.558,0.55,0.85,0.014,0.011,0.014,0.007,0.003,0.005,0.004,0.054,0.004,0.005
3550,30-11-19,Newcastle,Man City,C Kavanagh,0.426,0.574,0.824,0.176,0.177,0.775,0.4,1,0.009,0.036,0.008,0.015,0.003,0.025,0.006,0,0.006,0.013
3499,06-10-19,Newcastle,Man United,M Dean,0.519,0.481,0.821,0.179,0.438,0.717,0.4,0.75,0.006,0.014,0.027,0.028,0.011,0.017,0.006,0,0.019,0.023
3664,01-02-20,Newcastle,Norwich,M Atkinson,0.633,0.367,0.593,0.407,0.417,0.508,0.4,0,0.012,0.013,0.016,0.03,0.016,0.024,0.009,0,0.009,0.005
3576,08-12-19,Newcastle,Southampton,D Coote,0.667,0.333,0.721,0.279,0.448,0.625,0.4,0.25,0.016,0.015,0.021,0.041,0.007,0.029,0.033,0,0.005,0.019
2704,16-09-17,Newcastle,Stoke,S Attwell,0.66,0.34,0.32,0.68,0.469,0.4,0,0.4,0.01,0.019,0.031,0.033,0.021,0.015,0.034,0,0.02,0.008
2200,3/20/2016,Newcastle,Sunderland,M Atkinson,0.63,0.37,0.34,0.66,0.583,0.333,0.3,0.25,0.017,0.012,0.021,0.013,0.004,0.009,0.004,0,0.017,0.005
2883,13-01-18,Newcastle,Swansea,G Scott,0.59,0.41,0.48,0.52,0.542,0.592,0,0.3,0.01,0.017,0.018,0.021,0.008,0.01,0.01,0.033,0,0.017
3044,11-08-18,Newcastle,Tottenham,M Atkinson,0.65,0.35,0.37,0.63,0.323,0.367,0.55,0.9,0.008,0.026,0.029,0.039,0.01,0.016,0.008,0,0.015,0.018
3455,31-08-19,Newcastle,Watford,G Scott,0.76,0.24,0.813,0.188,0.677,0.683,0.4,0.5,0.018,0.015,0.013,0.034,0.019,0.016,0.007,0,0.014,0.025
3008,28-04-18,Newcastle,West Brom,D Coote,0.67,0.33,0.39,0.61,0.354,0.225,0,0.55,0.004,0.006,0.011,0.023,0.009,0.002,0,0,0.004,0.014
3516,27-10-19,Newcastle,Wolves,K Friend,0.473,0.527,0.829,0.171,0.26,0.742,0.4,0.7,0.006,0.022,0.017,0.041,0.008,0.016,0.012,0,0.012,0.014
3556,01-12-19,Norwich,Arsenal,P Tierney,0.5,0.5,0.78,0.22,0.219,0.758,0,0.8,0.023,0.028,0.016,0.025,0.018,0.03,0.011,0,0.011,0.007
3493,05-10-19,Norwich,Aston Villa,A Madley,0.542,0.458,0.667,0.333,0.375,0.675,0,0,0.016,0.055,0.032,0.048,0.028,0.017,0.013,0,0.006,0.023
3643,18-01-20,Norwich,Bournemouth,P Tierney,0.658,0.342,0.714,0.286,0.625,0.608,0,0.35,0.012,0.01,0.017,0.021,0.008,0.01,0.01,0,0.01,0.011
1224,10/26/2013,Norwich,Cardiff,M Jones,0.67,0.33,0.54,0.46,0.365,0.358,0.5,0,0.031,0.017,0.017,0.027,0.035,0.005,0,0,0.006,0.007
3441,24-08-19,Norwich,Chelsea,M Atkinson,0.579,0.421,0.722,0.278,0.469,0.675,0,0.9,0.018,0.04,0.023,0.028,0.003,0.025,0.007,0,0.007,0.008
3625,01-01-20,Norwich,Crystal Palace,J Moss,0.464,0.536,0.786,0.214,0.365,0.683,0,0.45,0.01,0.01,0.021,0.019,0.004,0.011,0.01,0,0.025,0
2053,12-12-15,Norwich,Everton,M Atkinson,0.52,0.48,0.54,0.46,0.417,0.525,0,0.5,0.005,0.012,0.017,0.014,0.012,0.01,0.011,0,0.005,0
1317,12/26/2013,Norwich,Fulham,J Moss,0.63,0.38,0.29,0.71,0.344,0.325,0.5,0.45,0.008,0.026,0.026,0.023,0.012,0.009,0.011,0,0.016,0
1354,1/18/2014,Norwich,Hull,H Webb,0.43,0.57,0.44,0.56,0.229,0.55,0.5,0,0.01,0,0.014,0.034,0.022,0.017,0,0,0.005,0.011
1975,03-10-15,Norwich,Leicester,M Clattenburg,0.57,0.43,0.46,0.54,0.469,0.442,0,0.35,0.006,0.023,0.009,0.011,0.045,0.023,0.006,0,0,0.008
2123,1/23/2016,Norwich,Liverpool,L Mason,0.59,0.41,0.42,0.58,0.458,0.458,0,0.75,0.012,0.023,0.017,0.029,0.006,0.006,0.01,0,0,0.006
3466,14-09-19,Norwich,Man City,K Friend,0.437,0.563,0.865,0.135,0.448,0.85,0,1,0.01,0.038,0.019,0.021,0.009,0.048,0,0,0.02,0.008
3519,27-10-19,Norwich,Man United,S Attwell,0.518,0.482,0.844,0.156,0.458,0.85,0,0.75,0.009,0.048,0.028,0.027,0.003,0.027,0.012,0,0.012,0.014
3434,17-08-19,Norwich,Newcastle,S Attwell,0.739,0.261,0.889,0.111,0.458,0.642,0,0.4,0.03,0.016,0.024,0.036,0.023,0.016,0.015,0,0.008,0.026
3577,08-12-19,Norwich,Sheffield United,S Hooper,0.524,0.476,0.882,0.118,0.448,0.842,0,0,0.011,0.012,0.012,0.029,0.022,0.002,0.033,0,0,0.026
1923,8/22/2015,Norwich,Stoke,M Dean,0.49,0.51,0.54,0.46,0.448,0.575,0,0.6,0.025,0.005,0.04,0.016,0.028,0,0.021,0,0.029,0.008
2013,07-11-15,Norwich,Swansea,M Clattenburg,0.62,0.38,0.47,0.53,0.438,0.45,0,0.65,0.015,0,0.025,0.018,0.013,0.005,0.012,0,0.006,0
3613,28-12-19,Norwich,Tottenham,K Friend,0.611,0.389,0.615,0.385,0.688,0.758,0,0.85,0.005,0.025,0.021,0.022,0.009,0.013,0,0,0.015,0.018
3530,08-11-19,Norwich,Watford,A Marriner,0.633,0.367,0.776,0.224,0.24,0.583,0,0.5,0.015,0.008,0.015,0.034,0.026,0.01,0.006,0.042,0.006,0.014
2154,2/13/2016,Norwich,West Ham,M Jones,0.66,0.34,0.39,0.61,0.458,0.4,0,0.45,0.007,0.019,0.026,0.021,0.006,0.006,0.018,0,0.009,0.01
3595,21-12-19,Norwich,Wolves,P Bankes,0.442,0.558,0.836,0.164,0.354,0.717,0,0.7,0.019,0.015,0.013,0.032,0.007,0.025,0.011,0,0.011,0.025
3437,18-08-19,Sheffield United,Crystal Palace,D Coote,0.48,0.52,1,0,0.271,0.775,0,0.45,0.011,0.021,0.042,0.036,0.026,0.013,0.023,0,0.023,0.009
3444,24-08-19,Sheffield United,Leicester,A Madley,0.5,0.5,0.968,0.032,0.5,0.783,0,0.6,0.011,0.01,0.028,0.019,0.022,0.013,0.007,0,0.007,0
3463,14-09-19,Sheffield United,Southampton,L Mason,0.808,0.192,0.737,0.263,0.583,0.633,0,0.25,0.014,0.033,0.024,0.021,0.036,0.018,0,0,0.007,0.008
3480,28-09-19,Sheffield United,Liverpool,A Taylor,0.571,0.429,0.905,0.095,0.458,0.817,0,0.95,0.006,0.018,0.018,0.011,0.017,0.014,0.006,0,0.006,0.008
3509,21-10-19,Sheffield United,Arsenal,M Dean,0.579,0.421,0.769,0.231,0.521,0.775,0,0.8,0.006,0.013,0.022,0.033,0.019,0.033,0.025,0,0.025,0.029
3525,02-11-19,Sheffield United,Burnley,S Hooper,0.565,0.435,0.756,0.244,0.375,0.7,0,0.3,0.018,0,0.017,0.031,0.018,0.016,0.024,0,0.006,0.014
3548,24-11-19,Sheffield United,Man United,A Marriner,0.667,0.333,0.758,0.242,0.354,0.633,0,0.75,0.023,0.02,0.026,0.025,0.015,0.008,0.006,0,0.006,0.013
3568,05-12-19,Sheffield United,Newcastle,S Attwell,0.642,0.358,0.575,0.425,0.427,0.617,0,0.4,0.016,0.015,0.019,0.014,0.019,0.002,0.011,0,0.011,0
3584,14-12-19,Sheffield United,Aston Villa,P Bankes,0.566,0.434,0.568,0.432,0.594,0.675,0,0,0.008,0,0.019,0.021,0.007,0.005,0.011,0,0.011,0.012
3605,26-12-19,Sheffield United,Watford,D Coote,0.742,0.258,0.475,0.525,0.677,0.575,0,0.5,0.01,0.007,0.02,0.018,0.02,0.002,0.02,0,0.005,0.018
3629,10-01-20,Sheffield United,West Ham,M Oliver,0.616,0.384,0.629,0.371,0.719,0.808,0,0.55,0.007,0.007,0.019,0.013,0.015,0.006,0.005,0,0.005,0
3653,21-01-20,Sheffield United,Man City,L Mason,0.46,0.54,0.673,0.327,0.354,0.867,0,1,0.002,0.017,0.022,0.027,0.01,0.027,0.01,0,0.019,0.017
3672,09-02-20,Sheffield United,Bournemouth,J Moss,0.516,0.484,0.642,0.358,0.219,0.65,0,0.35,0.194,0.006,0.016,0.016,0.016,0.008,0.009,0,0.009,0.011
3209,16-12-18,Southampton,Arsenal,C Kavanagh,0.44,0.56,0.46,0.54,0.448,0.517,0.2,0.75,0.019,0.015,0.023,0.024,0.01,0.012,0.011,0,0.016,0.006
2043,05-12-15,Southampton,Aston Villa,A Taylor,0.46,0.54,0.48,0.52,0.552,0.592,0.7,0.2,0.014,0.008,0.008,0.022,0.024,0.01,0.006,0,0.005,0.013
3470,20-09-19,Southampton,Bournemouth,C Kavanagh,0.368,0.632,0.838,0.162,0.198,0.808,0.25,0.35,0.02,0.014,0.019,0.027,0.012,0.015,0.007,0,0.007,0.024
3089,17-09-18,Southampton,Brighton,A Taylor,0.71,0.29,0.22,0.78,0.521,0.367,0.2,0.3,0.017,0.019,0.024,0.039,0.003,0.012,0.014,0,0.014,0.024
3049,12-08-18,Southampton,Burnley,G Scott,0.38,0.62,0.46,0.54,0.438,0.675,0.2,0.7,0.011,0.032,0.026,0.03,0.026,0.016,0.015,0,0,0.009
3296,09-02-19,Southampton,Cardiff,M Atkinson,0.593,0.407,0.475,0.525,0.51,0.317,0.2,0,0.016,0.01,0.024,0.024,0.016,0.004,0.005,0,0.014,0.016
3498,06-10-19,Southampton,Chelsea,P Tierney,0.558,0.442,0.667,0.333,0.521,0.875,0.25,0.9,0.01,0.032,0.018,0.043,0.009,0.011,0.006,0,0,0.008
3611,28-12-19,Southampton,Crystal Palace,A Madley,0.608,0.392,0.822,0.178,0.271,0.617,0.25,0.45,0.013,0.007,0.023,0.016,0.027,0.009,0,0,0.005,0.012
3534,09-11-19,Southampton,Everton,P Tierney,0.491,0.509,0.8,0.2,0.365,0.708,0.25,0.65,0.009,0.021,0.025,0.031,0.013,0.023,0.018,0,0.006,0.007
3318,27-02-19,Southampton,Fulham,A Taylor,0.571,0.429,0.352,0.648,0.469,0.425,0.2,0,0.009,0.012,0.023,0.025,0.014,0.008,0.009,0,0,0.005
3417,12-05-19,Southampton,Huddersfield,L Probert,0.623,0.377,0.393,0.607,0.25,0.092,0.2,0.25,0.006,0.008,0.011,0.01,0.007,0.005,0,0,0,0.005
2615,4/29/2017,Southampton,Hull,M Dean,0.69,0.31,0.39,0.61,0.344,0.208,0.75,0,0.004,0.003,0.013,0.023,0.011,0.01,0.008,0,0,0.014
3510,25-10-19,Southampton,Leicester,A Marriner,0.5,0.5,0.864,0.136,0.344,0.7,0.25,0.6,0.009,0.065,0.007,0.033,0.005,0.019,0,0,0,0
3435,17-08-19,Southampton,Liverpool,A Marriner,0.552,0.448,0.931,0.069,0.479,0.758,0.25,0.95,0.011,0.032,0.026,0.02,0.016,0.03,0.015,0,0.015,0.009
3239,30-12-18,Southampton,Man City,P Tierney,0.52,0.48,0.53,0.47,0.417,0.55,0.2,1,0.01,0.021,0.02,0.022,0.007,0.018,0.005,0,0.01,0.018
3450,31-08-19,Southampton,Man United,M Dean,0.606,0.394,0.909,0.091,0.25,0.642,0.25,0.75,0.007,0.04,0.043,0.022,0.006,0.009,0.007,0,0.007,0.017
3134,27-10-18,Southampton,Newcastle,C Kavanagh,0.53,0.47,0.39,0.61,0.635,0.658,0.2,0.55,0.012,0,0.02,0.033,0.019,0.005,0.019,0,0,0.007
3565,04-12-19,Southampton,Norwich,K Friend,0.638,0.362,0.754,0.246,0.292,0.617,0.25,0,0.014,0.012,0.023,0.017,0.014,0.002,0.011,0,0.005,0.006
2943,03-03-18,Southampton,Stoke,A Taylor,0.44,0.56,0.44,0.56,0.552,0.567,0.65,0.4,0.013,0.009,0.012,0.025,0.028,0.008,0.004,0.03,0,0.005
2665,12-08-17,Southampton,Swansea,M Jones,0.5,0.5,0.42,0.58,0.313,0.433,0.65,0.3,0.008,0,0.026,0.043,0.043,0,0,0,0.015,0.009
3335,09-03-19,Southampton,Tottenham,K Friend,0.387,0.613,0.484,0.516,0.344,0.617,0.2,0.9,0.009,0.015,0.024,0.017,0.002,0.018,0.008,0,0.017,0.01
3555,30-11-19,Southampton,Watford,M Oliver,0.547,0.453,0.78,0.22,0.438,0.65,0.25,0.5,0.017,0.012,0.012,0.025,0.015,0.018,0.006,0,0.006,0
2745,21-10-17,Southampton,West Brom,G Scott,0.72,0.28,0.41,0.59,0.531,0.425,0.65,0.55,0.018,0.009,0.021,0.022,0.021,0.008,0.012,0,0,0.007
3585,14-12-19,Southampton,West Ham,M Atkinson,0.636,0.364,0.785,0.215,0.417,0.608,0.25,0.55,0.005,0.015,0.017,0.032,0.012,0.019,0.011,0,0.005,0.019
3370,13-04-19,Southampton,Wolves,J Moss,0.5,0.5,0.56,0.44,0.49,0.8,0.2,0,0.012,0.006,0.019,0.014,0.007,0.016,0.008,0,0.004,0.014
3258,13-01-19,Tottenham,Man United,M Dean,0.588,0.412,0.431,0.569,0.625,0.667,0.9,0.95,0.028,0.027,0.014,0.017,0.016,0.008,0.024,0,0.005,0.011
3323,02-03-19,Tottenham,Arsenal,A Taylor,0.524,0.476,0.373,0.627,0.5,0.358,0.9,0.75,0.007,0.013,0.023,0.027,0.006,0.008,0.004,0,0.013,0.01
3426,10-08-19,Tottenham,Aston Villa,C Kavanagh,0.538,0.462,0.778,0.222,0.313,0.708,0.85,0,0.026,0.021,0.034,0.03,0.046,0,0.015,0,0.008,0
3554,30-11-19,Tottenham,Bournemouth,L Mason,0.673,0.327,0.63,0.37,0.75,0.75,0.85,0.35,0.014,0.024,0.02,0.03,0.01,0.02,0.006,0,0,0.013
3599,26-12-19,Tottenham,Brighton,G Scott,0.538,0.462,0.638,0.362,0.469,0.767,0.85,0.2,0.013,0.018,0.018,0.02,0.02,0.004,0.02,0,0.02,0.012
3572,07-12-19,Tottenham,Burnley,K Friend,0.603,0.397,0.75,0.25,0.354,0.658,0.85,0.3,0.019,0.004,0.023,0.019,0.002,0.002,0.016,0,0.005,0.006
3115,06-10-18,Tottenham,Cardiff,M Dean,0.7,0.3,0.35,0.65,0.469,0.417,0.9,0,0.024,0.027,0.017,0.031,0.018,0.006,0.013,0,0.014,0.008
3598,22-12-19,Tottenham,Chelsea,A Taylor,0.526,0.474,0.667,0.333,0.448,0.8,0.85,0.9,0.003,0.011,0.017,0.025,0.007,0.012,0.016,0,0.021,0.019
3464,14-09-19,Tottenham,Crystal Palace,C Pawson,0.45,0.55,0.844,0.156,0.448,0.792,0.85,0.45,0.017,0.029,0.045,0.033,0.012,0.009,0,0,0.027,0.016
3418,12-05-19,Tottenham,Everton,A Marriner,0.576,0.424,0.33,0.67,0.51,0.492,0.9,0.65,0.006,0.024,0.014,0.022,0.012,0.007,0,0,0,0.009
3054,18-08-18,Tottenham,Fulham,A Taylor,0.45,0.55,0.38,0.62,0.417,0.408,0.9,0,0.041,0.016,0.024,0.016,0.016,0.007,0.015,0.053,0,0
3371,13-04-19,Tottenham,Huddersfield,L Mason,0.761,0.239,0.268,0.732,0.563,0.217,0.9,0.25,0.011,0.003,0.015,0.021,0.007,0.004,0.008,0,0.008,0.01
2437,12/14/2016,Tottenham,Hull,A Marriner,0.77,0.23,0.4,0.6,0.292,0.35,0.9,0,0.025,0.019,0.012,0.034,0.012,0.012,0.011,0,0,0.013
3299,10-02-19,Tottenham,Leicester,M Oliver,0.503,0.497,0.52,0.48,0.594,0.633,0.9,0.6,0.012,0.028,0.018,0.008,0.004,0.018,0.004,0,0.014,0.005
3636,11-01-20,Tottenham,Liverpool,M Atkinson,0.501,0.499,0.817,0.183,0.51,0.917,0.85,0.95,0.01,0.025,0.007,0.018,0.009,0.007,0.01,0.034,0,0.012
3669,02-02-20,Tottenham,Man City,M Dean,0.447,0.553,0.722,0.278,0.573,1,0.85,1,0.007,0.016,0.013,0.028,0.004,0.012,0.005,0,0.009,0.016
3258,13-01-19,Tottenham,Man United,M Dean,0.59,0.41,0.43,0.57,0.625,0.667,0.9,0.95,0.028,0.027,0.014,0.017,0.016,0.008,0.024,0,0.005,0.011
3448,25-08-19,Tottenham,Newcastle,M Dean,0.468,0.532,0.906,0.094,0.344,0.808,0.85,0.4,0.007,0.015,0.025,0.016,0.019,0.019,0.007,0,0.014,0.017
3656,22-01-20,Tottenham,Norwich,C Kavanagh,0.638,0.363,0.61,0.39,0.51,0.608,0.85,0,0.007,0.007,0.02,0.015,0.015,0.006,0.005,0,0,0.006
3535,09-11-19,Tottenham,Sheffield United,G Scott,0.536,0.464,0.895,0.105,0.24,0.792,0.85,0,0.015,0.017,0.013,0.023,0.01,0.01,0.018,0,0.012,0.014
3485,28-09-19,Tottenham,Southampton,G Scott,0.508,0.492,0.9,0.1,0.5,0.783,0.85,0.25,0.013,0.027,0.011,0.045,0.017,0.017,0.006,0,0,0.015
2815,09-12-17,Tottenham,Stoke,R East,0.51,0.49,0.41,0.59,0.313,0.475,0.95,0.4,0.03,0.012,0.023,0.022,0.029,0.014,0.005,0.038,0.005,0
2705,16-09-17,Tottenham,Swansea,M Dean,0.49,0.51,0.43,0.57,0.417,0.533,0.95,0.3,0.027,0,0.026,0.027,0.033,0.003,0.034,0,0.007,0.024
3505,19-10-19,Tottenham,Watford,C Kavanagh,0.66,0.34,0.667,0.333,0.51,0.583,0.85,0.5,0.006,0.009,0.011,0.024,0.03,0.005,0.012,0,0.025,0.022
2786,25-11-17,Tottenham,West Brom,M Jones,0.67,0.33,0.3,0.7,0.344,0.367,0.95,0.55,0.014,0.008,0.02,0.033,0.02,0,0.006,0,0.006,0.027
3395,27-04-19,Tottenham,West Ham,A Taylor,0.69,0.31,0.422,0.578,0.385,0.283,0.9,0.4,0.008,0.019,0.004,0.014,0.003,0.012,0.008,0,0,0.009
293,3/19/2011,Tottenham,West Ham,M Dean,0.56,0.44,0.28,0.72,0.354,0.458,0.85,0.2,0.077,0.036,0.023,0.058,0.029,0.009,0.01,0,0,0.048
3234,29-12-18,Tottenham,Wolves,S Attwell,0.67,0.33,0.33,0.67,0.76,0.533,0.9,0,0.008,0.014,0.013,0.016,0.014,0.016,0,0,0.016,0.012
3328,03-03-19,Watford,Leicester,J Moss,0.617,0.383,0.434,0.566,0.594,0.617,0.35,0.6,0.011,0.006,0.023,0.023,0.002,0.009,0.004,0,0.022,0.005
3354,02-04-19,Watford,Fulham,R East,0.647,0.353,0.433,0.567,0.49,0.208,0.35,0,0.015,0.02,0.018,0.009,0.011,0.007,0.013,0,0.013,0.01
3468,15-09-19,Watford,Arsenal,A Taylor,0.558,0.442,0.844,0.156,0.354,0.708,0.5,0.8,0.024,0.019,0.033,0.012,0.021,0.003,0,0,0.02,0.024
3612,28-12-19,Watford,Aston Villa,S Hooper,0.545,0.455,0.6,0.4,0,0.583,0.5,0,0.015,0.007,0.029,0.02,0.013,0.007,0,0,0.015,0.006
3513,26-10-19,Watford,Bournemouth,M Dean,0.753,0.247,0.667,0.333,0.667,0.642,0.5,0.35,0.009,0.022,0.03,0.022,0.014,0.027,0.006,0,0.031,0.022
3425,10-08-19,Watford,Brighton,C Pawson,0.619,0.381,0.933,0.067,0.323,0.675,0.5,0.2,0.011,0.016,0.039,0.036,0.016,0.007,0.015,0,0,0.009
3546,23-11-19,Watford,Burnley,P Tierney,0.45,0.55,0.771,0.229,0.313,0.833,0.5,0.3,0.011,0.02,0.028,0.033,0.018,0.013,0.017,0,0,0.02
3205,15-12-18,Watford,Cardiff,A Madley,0.62,0.38,0.36,0.64,0.49,0.292,0.35,0,0.021,0.012,0.013,0.012,0.012,0,0.011,0,0,0
3527,02-11-19,Watford,Chelsea,A Taylor,0.467,0.533,0.645,0.355,0.448,0.867,0.5,0.9,0.009,0.042,0.017,0.013,0.003,0.016,0.024,0,0.024,0.014
3573,07-12-19,Watford,Crystal Palace,M Atkinson,0.49,0.51,0.81,0.19,0.167,0.675,0.5,0.45,0.008,0,0.029,0.038,0.014,0.005,0.016,0,0.022,0.013
3665,01-02-20,Watford,Everton,C Pawson,0.562,0.438,0.603,0.397,0.375,0.633,0.5,0.65,0.005,0.016,0.027,0.028,0.008,0.008,0.009,0,0.009,0.011
3135,27-10-18,Watford,Huddersfield,M Dean,0.63,0.37,0.43,0.57,0.5,0.308,0.35,0.25,0.018,0.03,0.019,0.035,0.008,0.008,0.019,0,0.006,0.014
3165,24-11-18,Watford,Liverpool,J Moss,0.49,0.51,0.48,0.52,0.375,0.5,0.35,0.85,0.003,0.028,0.024,0.033,0.013,0.013,0.018,0.04,0,0
3182,04-12-18,Watford,Man City,P Tierney,0.55,0.45,0.46,0.54,0.396,0.558,0.35,1,0.019,0.028,0.008,0.02,0.007,0.028,0.022,0,0,0.007
3597,22-12-19,Watford,Man United,L Mason,0.56,0.44,0.745,0.255,0.396,0.633,0.5,0.75,0.008,0.03,0.03,0.025,0.007,0.012,0.016,0,0.016,0.006
3235,29-12-18,Watford,Newcastle,R East,0.69,0.31,0.44,0.56,0.729,0.417,0.35,0.55,0.012,0.007,0.029,0.036,0.006,0.013,0,0,0.005,0.012
2046,05-12-15,Watford,Norwich,M Dean,0.5,0.5,0.43,0.57,0.354,0.517,0,0,0.019,0.004,0.021,0.024,0.01,0.002,0.006,0,0.016,0.019
3494,05-10-19,Watford,Sheffield United,A Marriner,0.61,0.39,0.868,0.132,0.417,0.708,0.5,0,0.006,0.014,0.016,0.017,0.02,0.02,0.013,0,0,0.015
3387,23-04-19,Watford,Southampton,M Dean,0.686,0.314,0.316,0.684,0.625,0.25,0.35,0.2,0.008,0.011,0.014,0.024,0.005,0.007,0.004,0,0.02,0.009
2755,28-10-17,Watford,Stoke,M Oliver,0.7,0.3,0.41,0.59,0.531,0.2,0.2,0.4,0,0.009,0.022,0.024,0.022,0.003,0,0,0.025,0.029
2570,01-04-17,Watford,Sunderland,L Probert,0.68,0.32,0.51,0.49,0.302,0.367,0.4,0.2,0.022,0.009,0.018,0.016,0.025,0.018,0.009,0,0.004,0.016
2866,30-12-17,Watford,Swansea,M Atkinson,0.72,0.28,0.52,0.48,0.479,0.3,0.2,0.3,0.01,0.014,0.024,0.028,0.002,0.017,0,0,0.02,0.011
3639,18-01-20,Watford,Tottenham,M Oliver,0.667,0.333,0.553,0.447,0.708,0.667,0.5,0.85,0.005,0.017,0.022,0.027,0.006,0.006,0.01,0,0.01,0.017
2946,03-03-18,Watford,West Brom,P Tierney,0.68,0.32,0.49,0.51,0.396,0.308,0.2,0.55,0.009,0.006,0.017,0.023,0.008,0.011,0.004,0.03,0.009,0
3445,24-08-19,Watford,West Ham,C Kavanagh,0.418,0.582,0.96,0.04,0.292,0.875,0.5,0.55,0.011,0.05,0.03,0.034,0.025,0.022,0.007,0,0.007,0.008
3623,01-01-20,Watford,Wolves,A Madley,0.5,0.5,0.776,0.224,0.24,0.792,0.5,0.7,0.007,0.014,0.021,0.013,0.009,0.015,0.01,0,0.015,0.006
3302,22-02-19,West Ham,Fulham,L Mason,0.679,0.321,0.445,0.555,0.323,0.2,0.4,0,0.016,0.016,0.017,0.021,0.023,0,0.004,0,0.004,0.005
3341,16-03-19,West Ham,Huddersfield,J Moss,0.612,0.388,0.434,0.566,0.135,0.283,0.4,0.25,0.011,0.015,0.01,0.028,0.009,0.015,0.013,0,0,0.01
3579,09-12-19,West Ham,Arsenal,M Dean,0.548,0.452,0.761,0.239,0.385,0.742,0.55,0.8,0.011,0.012,0.023,0.014,0.01,0.007,0.011,0,0.011,0
3579,09-12-19,West Ham,Arsenal,M Dean,0.55,0.45,0.76,0.24,0.385,0.742,0.55,0.8,0.011,0.012,0.023,0.014,0.01,0.007,0.011,0,0.011,0
2137,02-02-16,West Ham,Aston Villa,J Moss,0.58,0.42,0.42,0.58,0.219,0.35,0.45,0.2,0.014,0.006,0.015,0.022,0.01,0.01,0.01,0,0.014,0
3626,01-01-20,West Ham,Bournemouth,G Scott,0.47,0.53,0.717,0.283,0.115,0.758,0.55,0.35,0.018,0.007,0.005,0.026,0.02,0.004,0.01,0,0.005,0.011
3666,01-02-20,West Ham,Brighton,M Oliver,0.638,0.363,0.623,0.377,0.479,0.608,0.55,0.2,0.014,0.019,0.013,0.018,0.008,0.012,0.009,0,0.005,0.005
3145,03-11-18,West Ham,Burnley,R East,0.39,0.61,0.44,0.56,0.26,0.592,0.4,0.7,0.03,0.013,0.015,0.023,0.026,0.01,0.006,0,0.006,0.028
3183,04-12-18,West Ham,Cardiff,G Scott,0.71,0.29,0.41,0.59,0.406,0.3,0.4,0,0.03,0.02,0.019,0.025,0.024,0.01,0.022,0,0.005,0.013
3099,23-09-18,West Ham,Chelsea,M Dean,0.79,0.21,0.45,0.55,0.594,0.45,0.4,0.8,0.003,0.029,0.026,0.027,0.003,0.024,0.014,0,0.014,0.008
3495,05-10-19,West Ham,Crystal Palace,M Oliver,0.717,0.283,0.7,0.3,0.365,0.608,0.55,0.45,0.013,0.018,0.025,0.02,0.006,0.006,0.013,0,0.019,0.015
3645,18-01-20,West Ham,Everton,A Marriner,0.553,0.447,0.652,0.348,0.24,0.633,0.55,0.65,0.015,0.01,0.019,0.027,0.015,0.013,0.01,0,0.005,0
2445,12/17/2016,West Ham,Hull,L Mason,0.6,0.4,0.44,0.56,0.281,0.325,0.7,0,0.016,0.019,0.024,0.021,0.023,0.014,0.011,0,0.011,0.025
3614,28-12-19,West Ham,Leicester,D Coote,0.532,0.468,0.774,0.226,0.448,0.817,0.55,0.6,0.011,0.029,0.03,0.009,0.012,0.011,0,0,0.021,0.006
3659,29-01-20,West Ham,Liverpool,J Moss,0.51,0.49,0.857,0.143,0.375,0.917,0.55,0.95,0.01,0.017,0.01,0.013,0.006,0.015,0.01,0,0.01,0
3421,10-08-19,West Ham,Man City,M Dean,0.698,0.302,0.893,0.107,0.365,0.642,0.55,1,0.011,0.047,0.016,0.043,0.003,0.003,0.015,0,0.015,0.018
3477,22-09-19,West Ham,Man United,A Taylor,0.625,0.375,0.909,0.091,0.573,0.708,0.55,0.75,0.02,0.014,0.019,0.027,0.009,0.021,0.014,0.048,0.014,0.016
3526,02-11-19,West Ham,Newcastle,S Attwell,0.486,0.514,0.674,0.326,0.344,0.742,0.55,0.4,0.018,0.038,0.021,0.018,0.018,0.008,0.024,0,0.012,0.007
3456,31-08-19,West Ham,Norwich,P Tierney,0.615,0.385,0.865,0.135,0.51,0.683,0.55,0,0.029,0.015,0.04,0.031,0.025,0.006,0.007,0,0.014,0.008
3514,26-10-19,West Ham,Sheffield United,D Coote,0.582,0.418,0.881,0.119,0.458,0.708,0.55,0,0.012,0.017,0.015,0.027,0.027,0.011,0.006,0,0.012,0.014
3404,04-05-19,West Ham,Southampton,S Attwell,0.568,0.432,0.451,0.549,0.417,0.333,0.4,0.2,0.012,0.003,0.003,0.019,0.003,0.012,0.004,0.054,0.004,0.005
2993,16-04-18,West Ham,Stoke,M Oliver,0.59,0.41,0.42,0.58,0.5,0.45,0.5,0.4,0.013,0.02,0.022,0.038,0.018,0.002,0.008,0,0.008,0.014
2726,30-09-17,West Ham,Swansea,R East,0.44,0.56,0.46,0.54,0.292,0.658,0.5,0.3,0.014,0.005,0.036,0.037,0.006,0.003,0.006,0,0.02,0.015
3540,23-11-19,West Ham,Tottenham,M Oliver,0.443,0.557,0.765,0.235,0.417,0.742,0.55,0.85,0.011,0.024,0.024,0.035,0.008,0.018,0.017,0,0.017,0.013
3218,22-12-18,West Ham,Watford,L Mason,0.46,0.54,0.59,0.41,0.208,0.642,0.4,0.35,0.018,0.019,0.016,0.025,0.022,0.009,0.01,0,0.015,0.012
3076,01-09-18,West Ham,Wolves,C Kavanagh,0.41,0.59,0.6,0.4,0.25,0.633,0.4,0,0.011,0.03,0.025,0.034,0.013,0.013,0.021,0,0.014,0.008
